id,title,hp,attack,defend,speed,bp,rare,chara,flag,skill,uf,tactic1,tactic2,enchant,kn_skill
1001,迷宮のくノ一,1458,671,562,35,5,1,1001,0,110301,,,,,
1002,人見知り傭兵,1464,674,560,35,5,1,1003,0,120101,,,,,
1003,自称無敵傭兵,1470,676,558,35,5,1,1005,0,110803,,,,,
1004,無双の大盾,1476,679,557,35,5,1,1006,0,110701,,,,,
1005,異国の傭兵,1481,681,555,35,5,1,1007,0,110601,,,,,
1006,灰色の性別,1487,684,553,35,5,1,1008,0,120201,,,,,
1007,勝負眼鏡,1493,687,551,35,5,1,1011,0,110603,,,,,
1008,実直なる剣,1498,689,549,35,5,1,1012,0,110101,,,,,
1009,教会騎士,1504,692,547,35,5,1,1013,0,110703,,,,,
1010,巨漢の酔客,1509,694,545,35,5,1,1015,0,110801,,,,,
1011,名家の当主,1515,697,543,35,5,1,1016,0,110201,,,,,
1012,若き領主,2527,1162,954,31,0,5,1081,1,120801,,20101,,,
1013,若き従者,2211,1017,835,31,7,5,1082,0,150101,,,,,
1014,殿軍の騎士,2544,1170,949,31,8,5,1006,0,110207,,,,,
1015,百戦錬磨,2226,1024,830,31,7,5,1007,0,120701,,,,,
1016,咆哮の美獣,2241,1031,825,31,7,5,1008,0,140301,,,,,
1017,唯我眼鏡,2256,1038,820,31,7,5,1011,0,110102,,,,,
1018,碧の一閃,2561,1178,943,31,8,5,1012,0,110202,,,,,
1019,継承の志,2271,1044,815,31,7,5,1016,0,120202,,,,,
1020,忍者無敵,3103,1427,1137,27,9,6,1001,0,120602,,10201,,,
1021,自称高貴可憐,3405,1566,1260,27,10,6,1005,0,120802,,10401,,,
1022,修羅構え,3424,1575,1254,27,10,6,1007,0,110401,,10301,,,
1023,伝説の海賊,3120,1435,1131,27,9,6,1015,0,122801,,40201,,,
1024,栄光の旗手,3086,1419,1142,27,9,6,1018,0,110108,,10101,,,
1025,心寂たる傭兵,4280,1968,1568,23,12,7,1003,0,120803,,10302,,,
1026,絶対防御,4256,1957,1575,23,12,7,1006,0,110214,,10802,,,
1027,正義の心,4304,1979,1560,23,12,7,1013,0,122802,,40102,,,
1028,魅惑の剣舞,1641,488,637,31,5,1,2001,0,110301,,,,,
1029,形見の双頭槍,1647,491,635,31,5,1,2002,0,120101,,,,,
1030,夢見る看板娘,1654,493,633,31,5,1,2004,0,110802,,,,,
1031,神出鬼没,1660,494,631,31,5,1,2005,0,110701,,,,,
1032,教会騎士志望,1666,496,629,31,5,1,2008,0,110201,,,,,
1033,男性恐怖症,1673,498,626,31,5,1,2009,0,120201,,,,,
1034,弱者の味方,1679,500,624,31,5,1,2012,0,110602,,,,,
1035,不言実行,1685,502,622,31,5,1,2013,0,110101,,,,,
1036,毒舌戦士,1692,504,620,31,5,1,2016,0,110702,,,,,
1037,名家の小悪魔,1698,506,618,31,5,1,2017,0,110601,,,,,
1038,過去のない男,1704,508,616,31,5,1,2019,0,110801,,,,,
1039,自由奔放,2555,761,924,27,7,5,2082,0,121801,,,,,
1040,悲しき傷跡,2487,740,946,27,7,5,2002,0,140401,,,,,
1041,恋する看板娘,2504,746,941,27,7,5,2004,0,120401,,,,,
1042,無防備な白鎧,2843,846,1081,27,8,5,2008,0,110806,,,,,
1043,大いなる野望,2521,751,935,27,7,5,2012,0,110103,,,,,
1044,戦場の狼,2862,852,1075,27,8,5,2016,0,110706,,,,,
1045,召喚の魔槍,2538,756,930,27,7,5,2017,0,121301,,,,,
1046,必殺の剣舞,3830,1140,1428,23,10,6,2001,0,122901,,10301,,,
1047,魔法の言葉,3491,1039,1288,23,9,6,2005,0,121401,,30101,,,
1048,蒼き紅一点,3510,1045,1282,23,9,6,2009,0,120302,,10901,,,
1049,未来を拓く男,3852,1147,1421,23,10,6,2019,0,121302,,40101,,,
1050,未来への選択,3471,1033,1294,23,9,6,2021,0,110109,,10101,,,
1051,復讐の双頭槍,4788,1425,1785,19,12,7,2002,0,121501,,40202,,,
1052,眼福の女騎士,4815,1433,1777,19,12,7,2008,0,120403,,10102,,,
1053,秘槍猫連撃,4842,1441,1768,19,12,7,2013,0,110115,,10902,,,
1054,逞しき商魂,1823,599,651,37,5,1,3001,0,110801,,,,,
1055,巨斧の令嬢,1830,598,654,37,5,1,3002,0,120101,,,,,
1056,吸血の偽鬼,1837,596,657,37,5,1,3003,0,110805,,,,,
1057,拳法厨子,1844,594,659,37,5,1,3005,0,110701,,,,,
1058,セレブ傭兵,1851,592,662,37,5,1,3006,0,110601,,,,,
1059,現在婚活中,1858,590,664,37,5,1,3008,0,120201,,,,,
1060,我が道を行く,1866,588,667,37,5,1,3012,0,110605,,,,,
1061,酒場の酔漢,1873,586,669,37,5,1,3014,0,110101,,,,,
1062,ベテラン傭兵,1880,584,672,37,5,1,3015,0,110201,,,,,
1063,小さな海賊娘,1887,582,674,37,5,1,3019,0,110705,,,,,
1064,質実剛剣,1894,580,677,37,5,1,3020,0,110301,,,,,
1065,隻眼の英雄,2838,870,1014,33,7,5,3081,0,121001,,,,,
1066,正直な嘘つき,2764,890,987,33,7,5,3002,0,130201,,,,,
1067,魔物料理人,3158,1018,1128,33,8,5,3005,0,140101,,,,,
1068,豪華絢爛,2783,886,994,33,7,5,3006,0,140201,,,,,
1069,天下豪腕,2801,880,1001,33,7,5,3014,0,120901,,,,,
1070,老獪戦士,2820,875,1007,33,7,5,3015,0,110501,,,,,
1071,形見の大戦斧,3180,1012,1136,33,8,5,3019,0,120102,,,,,
1072,大地割り,4256,1344,1520,29,10,6,3001,0,120902,,10601,,,
1073,吸血の美姫,3857,1218,1378,29,9,6,3003,0,130501,,30201,,,
1074,現在戦活中,3879,1212,1386,29,9,6,3008,0,130202,,10201,,,
1075,硝煙弾雨,3900,1206,1393,29,9,6,3012,0,120502,,40101,,,
1076,天真爛漫,5320,1680,1900,25,12,7,3002,0,120303,,10202,,,
1077,順風満帆,5350,1672,1911,25,12,7,3019,0,120903,,10602,,,
1078,怒りの武神,5379,1664,1922,25,12,7,3020,0,121003,,40202,,,
1079,未熟少女,1586,553,524,34,5,1,4001,0,110701,,,,,
1080,難民孤児,1592,556,523,34,5,1,4002,0,120101,,,,,
1081,魔法少女,1599,558,521,34,5,1,4004,0,110804,,,,,
1082,選ばれし者,1605,560,520,34,5,1,4008,0,110301,,,,,
1083,時間泥棒,1611,562,518,34,5,1,4009,0,110601,,,,,
1084,物語の住人,1617,565,516,34,5,1,4011,0,120201,,,,,
1085,臆病な射手,1623,567,514,34,5,1,4012,0,110604,,,,,
1086,悩める信徒,1629,569,512,34,5,1,4013,0,110101,,,,,
1087,慈愛の聖母,1635,571,511,34,5,1,4016,0,110201,,,,,
1088,教会術師,1641,573,509,34,5,1,4017,0,110704,,,,,
1089,矢文の射手,1648,575,507,34,5,1,4018,0,110801,,,,,
1090,止まった時計,2404,839,779,30,7,5,4001,0,120501,,,,,
1091,貴族の養女,2421,845,775,30,7,5,4002,0,140501,,,,,
1092,奇跡少女,2748,959,890,30,8,5,4004,0,121201,,,,,
1093,知の探求者,2767,966,886,30,8,5,4013,0,121101,,,,,
1094,祈りの聖母,2437,851,770,30,7,5,4016,0,110105,,,,,
1095,必中の射手,2453,856,766,30,7,5,4018,0,122301,,,,,
1096,純情な女給,3356,1171,1066,26,9,6,4081,0,150201,,10101,,,
1097,まどろみ使い,3375,1178,1061,26,9,6,4009,0,140502,,10301,,,
1098,一気呵成,3724,1300,1171,26,10,6,4012,0,122401,,10701,,,
1099,覚醒の聖母,3393,1184,1056,26,9,6,4016,0,150102,,11101,,,
1100,魔力炸裂,3703,1292,1176,26,10,6,4017,0,121102,,40201,,,
1101,選びし未来,4628,1615,1470,22,12,7,4008,0,110212,,40102,,,
1102,楽園の探求者,4655,1624,1463,22,12,7,4011,0,150104,,10702,,,
1103,一射必殺,4680,1633,1456,22,12,7,4018,0,122501,,10302,,,
1104,義勇の騎士,1521,700,542,35,5,1,1002,0,110301,,,,,
1105,明朗快活,2578,1186,937,31,8,5,1003,0,120601,,,,,
1106,孤独な影,3443,1583,1248,27,10,6,1016,0,120702,,40301,,,
1107,不屈の闘志,4351,2001,1544,23,12,7,1002,0,120503,,10402,,,
1108,貴族騎士,1711,509,614,31,5,1,2010,0,110701,,,,,
1109,公国の姫騎士,2571,766,918,27,7,5,2083,0,120202,,,,,
1110,女尊男卑,2881,858,1069,27,8,5,2009,0,110606,,,,,
1111,戦場の猫騎士,3873,1153,1414,23,10,6,2013,0,110612,,10501,,,
1112,革命の女神,4868,1449,1759,19,12,7,2010,0,121902,,10502,,,
1113,孤高戦士,1901,578,679,37,5,1,3018,0,110601,,,,,
1114,愛求の戦斧,3201,1006,1144,33,8,5,3008,0,120301,,,,,
1115,鋼鉄突進,4280,1338,1529,29,10,6,3015,0,140102,,11001,,,
1116,紅の武神,5409,1655,1932,25,12,7,3018,0,110216,,30102,,,
1117,教会司祭,1654,577,505,34,5,1,4007,0,110801,,,,,
1118,魔の求道者,2785,972,880,30,8,5,4017,0,123001,,,,,
1119,動き出した刻,3744,1307,1165,26,10,6,4001,0,123002,,30101,,,
1120,焼尽瞑想,4706,1642,1448,22,12,7,4007,0,110112,,11102,,,
1121,誓いの影騎士,4327,1990,1552,23,12,7,1004,0,120303,,30202,,,
1122,義勇軍の長,1526,702,540,35,5,1,1022,0,110603,,,,,
1123,無双の翼,4374,2012,1536,23,12,7,1022,0,110308,,30102,,,
1124,完全防備,1717,511,612,31,5,1,2023,0,110602,,,,,
1125,公国の懐刀,4895,1457,1750,19,12,7,2023,0,110215,,40102,,,
1126,義勇軍の光,1908,576,682,37,5,1,3021,0,110705,,,,,
1127,救世の笑顔,5438,1647,1943,25,12,7,3021,0,130203,,40302,,,
1128,未熟な魔女,1660,579,504,34,5,1,4020,0,110704,,,,,
1129,覚醒せし魔女,4731,1651,1441,22,12,7,4020,0,121103,,10102,,,
1130,戦略的撤退,2469,862,761,30,7,5,4012,0,110305,,,,,
1131,堅忍不抜,3529,1051,1275,23,9,6,2016,0,121802,,10501,,,
1132,情熱黄金戦士,5468,1638,1953,25,12,7,3010,0,120403,,11002,,,
1133,鋼の意志,2286,1051,810,31,7,5,1002,0,110609,,,,,
1134,今を生きる男ガルム,4921,1465,1741,19,12,7,,0,110712,,10202,,,
1135,無表情の仮面,2857,864,1021,33,7,5,3027,0,110607,,,,,
1136,享楽の光弓トルテ,4757,1660,1434,22,12,7,,0,122402,,11102,,,
1137,快活看板娘,1532,705,538,35,5,1,1023,0,110101,,,,,
1138,積極果敢,4398,2023,1528,23,12,7,1023,0,140303,,10402,,,
1139,伝承の女騎士,1723,513,609,31,5,1,2018,0,110301,,,,,
1140,英雄の系譜,4948,1473,1732,19,12,7,2018,0,110402,,30102,,,
1141,罪を背負う者,1915,574,684,37,5,1,3024,0,110701,,,,,
1142,償いの背教者,5527,1622,1974,25,12,7,3024,0,120603,,30202,,,
1143,孤高の旅人,1666,582,502,34,5,1,4024,0,110201,,,,,
1144,聖戦の導師,4783,1669,1426,22,12,7,4024,0,110117,,10302,,,
1145,反逆の聖女,2588,771,913,27,7,5,2010,0,110709,,,,,
1146,豪腕満漢全席メイリン,5497,1630,1964,25,12,7,,0,110310,,10602,,,
1147,紫陽花の笑顔,3462,1592,1242,27,10,6,1082,0,110313,,10801,,,
1148,紫陽花の笑顔,3724,1712,1378,27,11,6,1082,0,110313,,10801,,,
1149,紫陽花の決戦,4422,2033,1520,23,12,7,1082,0,120803,,40302,,,
1150,紫陽花の決戦,4626,2128,1677,23,13,7,1082,0,120803,,40302,,,
1151,誓いの反逆者,4808,1678,1419,22,12,7,4030,0,110311,,10202,,,
1152,恍惚の閃鞭,1538,707,536,35,5,1,1025,0,110703,,,,,
1153,嗜虐の女神,4575,2104,1693,23,13,7,1025,0,120603,,40102,,,
1154,リトルハート,1730,515,607,31,5,1,2020,0,110702,,,,,
1155,無限の可能性,5147,1532,1919,19,13,7,2020,0,140403,,30202,,,
1156,一心同体,1922,572,687,37,5,1,3023,0,110605,,,,,
1157,神技一体,5719,1806,2043,25,13,7,3023,0,110813,,10102,,,
1158,目覚めぬ才能,1672,584,500,34,5,1,4025,0,110604,,,,,
1159,継承されし力,4976,1736,1580,22,13,7,4025,0,121203,,40202,,,
1160,選ぶべき道,2486,868,756,30,7,5,4008,0,120301,,,,,
1161,極煌の大富豪,3922,1200,1401,29,9,6,3006,0,121002,,10601,,,
1162,新星の探窟王,4974,1481,1723,19,12,7,2011,0,110115,,10902,,,
1163,吸血鬼志望,2876,859,1027,33,7,5,3003,0,110611,,,,,
1164,超絶ヒロインセレナ,4834,1687,1412,22,12,7,,0,150401,,10702,,,
1165,夏服の従者マリユス,2595,1194,932,31,8,5,,0,110302,,,,,
1166,雨上がりの虹マリユス,4652,2139,1668,23,13,7,,0,122802,,50201,,,
1167,浜辺の猛特訓,2900,864,1062,27,8,5,2084,0,120102,,,,,
1168,真夏の姫騎士,5233,1558,1891,19,13,7,2084,0,122902,,50101,,,
1169,島の案内人カノン,3223,1000,1151,33,8,5,,0,110307,,,,,
1170,潮騒の追複曲カノン,5815,1779,2077,25,13,7,,0,110116,,50301,,,
1171,マーメイドノンノリア,2804,979,875,30,8,5,,0,150101,,,,,
1172,渚のバカンスノンノリア,5059,1765,1557,22,13,7,,0,150202,,40401,,,
1173,何でも屋,2605,776,907,27,7,5,2021,0,110103,,,,,
1174,頼もしき商人,2894,854,1034,33,7,5,3001,0,110204,,,,,
1175,押しかけ執事,3549,1057,1269,23,9,6,2022,0,120203,,30201,,,
1176,狩られぬ魔女,3430,1197,1045,26,9,6,4020,0,110111,,11101,,,
1177,奇跡の撫手ナターシャ,4445,2044,1512,23,12,7,,0,120703,,40302,,,
1178,猪突猛進,1543,710,534,35,5,1,1020,0,110803,,,,,
1179,スタンピード,4601,2116,1685,23,13,7,1020,0,110114,,10402,,,
1180,憂国の騎士,1736,517,605,31,5,1,2028,0,110602,,,,,
1181,蘇りし双槍,5176,1541,1910,19,13,7,2028,0,122001,,40202,,,
1182,戦場に咲く花,1929,570,689,37,5,1,3017,0,110705,,,,,
1183,破壊の癒天使,5751,1797,2054,25,13,7,3017,0,150105,,11002,,,
1184,新緑の襲撃者,1678,586,498,34,5,1,4023,0,110101,,,,,
1185,反逆の一矢,5004,1746,1573,22,13,7,4023,0,140503,,30102,,,
1186,天衣無縫,2502,873,752,30,7,5,4022,0,110105,,,,,
1187,公国の英傑アルフォンス,4469,2055,1504,23,12,7,,0,110713,,10202,,,
1188,誓いの審判者デュド,5556,1613,1985,25,12,7,,0,120503,,40401,,,
1189,一攫千金マーヴェル,2518,879,747,30,7,5,,0,110205,,,,,
1190,ブーメランアルノー,3895,1159,1407,23,10,6,,0,130501,,40301,,,
1191,風雲の志アルノー,5001,1489,1714,19,12,7,,0,150302,,40102,,,
1192,気鋭の貿易商,1549,712,532,35,5,1,1010,0,110801,,,,,
1193,経済戦の覇者,4677,2151,1660,23,13,7,1010,0,120303,,50301,,,
1194,流浪の槍使い,1742,519,603,31,5,1,2027,0,110802,,,,,
1195,疾風の槍撃,5205,1549,1900,19,13,7,2027,0,121501,,50201,,,
1196,怪力無双,1936,568,692,37,5,1,3031,0,110805,,,,,
1197,正義の鉄槌,5783,1788,2066,25,13,7,3031,0,120903,,30202,,,
1198,奇妙な薬売り,1684,588,497,34,5,1,4027,0,110804,,,,,
1199,真実の継承者,5031,1756,1565,22,13,7,4027,0,110317,,50101,,,
1200,火を守る者モーリス,4327,1324,1546,29,10,6,,0,110110,,10601,,,
1201,火を守る者モーリス,4655,1470,1663,29,11,6,,0,110110,,10601,,,
1202,守火の誓いモーリス,5586,1605,1995,25,12,7,,0,110316,,30102,,,
1203,守火の誓いモーリス,5846,1770,2088,25,13,7,,0,110316,,30102,,,
1204,仮面の怪盗,2301,1058,805,31,7,5,1004,0,110107,,,,,
1205,悪魔令嬢サラ,5027,1497,1705,19,12,7,,0,121901,,10302,,,
1206,厭戦的傭兵,2931,843,1047,33,7,5,3012,0,110307,,,,,
1207,花咲く看板娘フルール,3568,1062,1262,23,9,6,,0,110309,,10501,,,
1208,毒舌な聖天使,4860,1696,1404,22,12,7,4019,0,150502,,11102,,,
1209,かぼちゃの兜ガット,2913,848,1041,33,7,5,,0,110104,,,,,
1210,ウルフリックシーラ,3587,1068,1256,23,9,6,,0,120103,,10201,,,
1211,パンプキンパメラ,4702,2163,1651,23,13,7,,0,120403,,40302,,,
1212,トワイライト,4855,2232,1600,23,13,7,1008,0,130502,,30102,,,
1213,憂国の剣舞,2621,781,901,27,7,5,2001,0,110203,,,,,
1214,睡魔自在ミミ,4885,1705,1397,22,12,7,,0,110217,,10702,,,
1215,愛玩少年剣士,1554,715,530,35,5,1,1030,0,120101,,,,,
1216,希望の眼差し,4728,2174,1643,23,13,7,1030,0,120703,,10802,,,
1217,歴戦の老将,1749,521,601,31,5,1,2036,0,110602,,,,,
1218,不死身の英雄,5262,1566,1881,19,13,7,2036,0,110315,,40401,,,
1219,箱入り娘,1943,566,694,37,5,1,3032,0,120201,,,,,
1220,恋する打天使,5878,1761,2100,25,13,7,3032,0,121003,,10602,,,
1221,メイド戦士,1690,590,495,34,5,1,4083,0,110704,,,,,
1222,戦場の華,5086,1775,1549,22,13,7,4083,0,122501,,30202,,,
1223,財宝ハンター,2638,786,896,27,7,5,2011,0,120501,,,,,
1224,マゴニアの虜,2534,885,742,30,7,5,4011,0,110707,,,,,
1225,愉悦の斧撃ルドルフ,3943,1194,1409,29,9,6,,0,110210,,40201,,,
1226,嵐呼ぶ大剣デュナス,3137,1443,1125,27,9,6,,0,110208,,40101,,,
1227,魔性の義賊ラウジー,5615,1596,2006,25,12,7,,0,120603,,10202,,,
1228,誓いの魔槍ミリアン,5054,1504,1696,19,12,7,,0,110812,,10902,,,
1229,なでなで無双,2315,1065,800,31,7,5,1021,0,110809,,,,,
1230,白き天才薬師,5645,1588,2016,25,12,7,3004,0,140203,,11002,,,
1231,忠国の騎士,1560,718,528,35,5,1,1086,0,120101,,,,,
1232,高潔なる想い,4778,2198,1626,23,13,7,1086,0,110114,,50201,,,
1233,清廉なる騎士,1566,720,526,35,5,1,1087,0,120201,,,,,
1234,曇りなき魂,4804,2209,1617,23,13,7,1087,0,120603,,50101,,,
1235,若き姫騎士,1755,523,599,31,5,1,2086,0,110702,,,,,
1236,受け継ぐ信念,5290,1575,1871,19,13,7,2086,0,122002,,40302,,,
1237,荒ぶる情熱,1950,564,697,37,5,1,3084,0,110605,,,,,
1238,揺るがぬ決意,5910,1752,2111,25,13,7,3084,0,121003,,40401,,,
1239,怒髪天の恐斧,5674,1579,2027,25,12,7,3085,0,110216,,11002,,,
1240,希望の旗手アリア,2612,1201,926,31,8,5,,0,120101,,,,,
1241,聖夜照らす薪アリア,4829,2221,1609,23,13,7,,0,110314,,60101,,,
1242,クリぼっちデフロット,2919,869,1056,27,8,5,,0,110602,,,,,
1243,赤鼻の聖従者デフロット,5319,1583,1862,19,13,7,,0,110618,,40202,,,
1244,マリーＸマスマリー,3244,994,1159,33,8,5,,0,120201,,,,,
1245,聖夜の贈り物マリー,5941,1743,2122,25,13,7,,0,123203,,40102,,,
1246,シングルベルマーヴェル,2822,985,870,30,8,5,,0,110704,,,,,
1247,聖樹の輝きマーヴェル,5114,1785,1541,22,13,7,,0,123003,,50301,,,
1248,バトル商人,2950,838,1054,33,7,5,3010,0,120102,,,,,
1249,静かなる闘志エディ,3449,1204,1040,26,9,6,,0,110716,,10701,,,
1250,不屈の蒼騎士,4492,2066,1497,23,12,7,1028,0,122802,,10102,,,
1251,愛情おせちソフィ,5347,1592,1852,19,13,7,,0,121902,,30202,,,
1252,新しい夜明けデジレ,5141,1794,1533,22,13,7,,0,123703,,10702,,,
1253,いたずら悪魔,2550,890,738,30,7,5,4030,0,110610,,,,,
1254,心のオアシスコレット,5133,1528,1669,19,12,7,,0,110309,,10902,,,
1255,楽園の微笑み,2655,790,890,27,7,5,2088,0,110708,,,,,
1256,女装用眼鏡ノエル,3481,1601,1235,27,10,6,,0,110815,,10401,,,
1257,選ばれし眼鏡ノエル,4516,2077,1489,23,12,7,,0,120803,,40401,,,
1258,出陣の朝ノンノリア,3765,1314,1159,26,10,6,,0,110616,,40301,,,
1259,出陣の朝ノンノリア,4050,1413,1286,26,11,6,,0,110616,,40301,,,
1260,決戦の朝ノンノリア,4911,1714,1389,22,12,7,,0,110117,,60101,,,
1261,決戦の朝ノンノリア,5169,1804,1525,22,13,7,,0,110117,,60101,,,
1262,遺志を継ぐ者,3500,1609,1229,27,0,6,1088,1,120802,,20102,,,
1263,新米王国騎士,3916,1166,1400,23,10,6,2089,0,121901,,40501,,,
1264,魅惑の美剣士,1571,723,525,35,5,1,1017,0,120101,,,,,
1265,希望の光剣士,4905,2256,1583,23,13,7,1017,0,150105,,40602,,,
1266,武力無き戦い,1761,525,597,31,5,1,2030,0,120201,,,,,
1267,護民の聖乙女,5376,1600,1842,19,13,7,2030,0,128703,,10502,,,
1268,傭兵志望,1957,562,699,37,5,1,3025,0,110702,,,,,
1269,遺志を継ぐ斧,6005,1725,2145,25,13,7,3025,0,120403,,40502,,,
1270,誇り高き射手,1697,592,493,34,5,1,4021,0,110605,,,,,
1271,英雄の才覚,5197,1814,1517,22,13,7,4021,0,123803,,10103,,,
1272,正義貫く槍フレイ,5404,1609,1833,19,13,7,,0,122101,,30101,,,
1273,誓いの白牙ヴィヴィアン,4539,2088,1481,23,12,7,,0,120703,,10802,,,
1274,光輝なる聖者,5224,1823,1509,22,13,7,4007,0,150502,,10302,,,
1275,盗賊見習い,3265,988,1166,33,8,5,3033,0,128701,,,,,
1276,流浪の楽士ギーヴ,4937,1723,1382,22,12,7,,0,110312,,40202,,,
1277,利発なる侍童エラム,4073,1421,1280,26,11,6,,0,150103,,10101,,,
1278,戦士の中の戦士ダリューン,5433,1617,1823,19,13,7,,0,127502,,40102,,,
1279,未来の宮廷画家ナルサス,4931,2267,1575,23,13,7,,0,125703,,50301,,,
1280,絶世の美女ファランギース,5252,1833,1502,22,13,7,,0,122502,,10203,,,
1281,若き王太子アルスラーン,3745,1722,1372,27,11,6,,0,110106,,20101,,,
1282,折れない旗,2330,1072,795,31,7,5,1018,0,120501,,,,,
1283,麗しき領主,2672,795,885,27,7,5,2015,0,110707,,,,,
1284,裁きのメイス,3964,1188,1416,29,9,6,3017,0,125902,,10601,,,
1285,蠱惑な小悪魔,3468,1210,1034,26,9,6,4022,0,110612,,30201,,,
1286,恋する魔女,4962,1732,1375,22,12,7,4044,0,150104,,40202,,,
1287,金髪碧眼,1577,725,523,35,5,1,1034,0,110603,,,,,
1288,正道の探求者,4956,2279,1566,23,13,7,1034,0,120403,,10402,,,
1289,末っ娘王子,1768,526,594,31,5,1,2037,0,110802,,,,,
1290,麗騎士たる蕾,5461,1626,1814,19,13,7,2037,0,127003,,30202,,,
1291,ガキ大将,1964,559,702,37,5,1,3028,0,110805,,,,,
1292,若き名匠,5973,1734,2134,25,13,7,3028,0,110116,,40302,,,
1293,潜入の達人,1703,594,491,34,5,1,4033,0,110604,,,,,
1294,無邪気と殺気,5279,1842,1494,22,13,7,4033,0,128703,,40401,,,
1295,自由への翼,4981,2291,1558,23,13,7,1089,0,125803,,40102,,,
1296,新たなる決意,3766,1732,1365,27,11,6,1089,0,120103,,40201,,,
1297,桜の番人チェドルフ,2688,800,879,27,7,5,,0,110203,,,,,
1298,出会いの桜カオル,5307,1852,1486,22,13,7,,0,126502,,30102,,,
1299,桜花爛漫チヨ,4753,2186,1634,23,13,7,,0,123603,,40401,,,
1300,シティボーイ,1583,728,521,35,5,1,1029,0,110102,,,,,
1301,俊英剣舞,5032,2314,1541,23,13,7,1029,0,127203,,40502,,,
1302,突デレ戦士,1774,528,592,31,5,1,2003,0,110103,,,,,
1303,神槍の令嬢,5490,1634,1804,19,13,7,2003,0,110718,,50301,,,
1304,タフ＆クール,1971,557,704,37,5,1,3035,0,110104,,,,,
1305,氷鎚の伊達男,6036,1716,2156,25,13,7,3035,0,120903,,50101,,,
1306,心優しき狩人,1709,597,490,34,5,1,4032,0,110104,,,,,
1307,六花の弓手,5334,1862,1478,22,13,7,4032,0,122402,,40602,,,
1308,白き異邦人,4681,1463,1672,29,11,6,3086,0,121002,,40201,,,
1309,戦場の疾風,2345,1079,790,31,7,5,1020,0,110202,,,,,
1310,癒世の薬師キアラ,3986,1182,1424,29,9,6,,0,150103,,10301,,,
1311,夢追いし聖槍デュプリ,5080,1512,1687,19,12,7,,0,140403,,10502,,,
1312,希望の凱歌ジャンヌ,5518,1643,1794,19,13,7,,0,121402,,40101,,,
1313,逆境の新人ノリス,2629,1209,920,31,8,5,,0,110102,,,,,
1314,逆襲の追複曲カノン,6068,1707,2167,25,13,7,,0,123503,,40302,,,
1315,偉大なる蒼デフロット,5160,1536,1660,19,12,7,,0,122902,,10902,,,
1316,裁きの光杖アドリエンヌ,2841,992,864,30,8,5,,0,128601,,,,,
1317,神隠しの姫マリエル,3786,1741,1358,27,11,6,,0,120602,,40301,,,
1318,夜明けの蒼マリエル,4563,2098,1473,23,12,7,,0,120603,,40302,,,
1319,夜明けの蒼マリエル,4880,2244,1592,23,13,7,,0,120603,,40302,,,
1320,解放の王女マリエル,5330,2451,1891,21,14,8,,0,120604,,40303,,,
1321,黄昏色の射手アデリーナ,5362,1871,1470,22,13,7,,0,126601,,40101,,,
1322,神護の騎士,1588,731,519,35,5,1,1033,0,120101,,,,,
1323,神託の聖騎士,5007,2302,1549,23,13,7,1033,0,128703,,30202,,,
1324,折れぬ信念,1780,530,590,31,5,1,2044,0,120201,,,,,
1325,護りぬく者,5547,1651,1785,19,13,7,2044,0,126102,,10902,,,
1326,森のヒーロー,1978,555,707,37,5,1,3030,0,110701,,,,,
1327,王国一の樵夫,6100,1698,2179,25,13,7,3030,0,125903,,30102,,,
1328,魔法医師,1715,599,488,34,5,1,4039,0,110601,,,,,
1329,癒しの極光,5390,1881,1462,22,13,7,4039,0,150105,,40302,,,
1330,誓いの煽動者ゾエ,4988,1741,1367,22,12,7,,0,140503,,40502,,,
1331,復讐の狂騎士,1594,733,517,35,5,1,1049,0,110201,,,,,
1332,輪廻の破壊者,5057,2325,1532,23,13,7,1049,0,125603,,40401,,,
1333,形見の盾槍,1787,532,588,31,5,1,2034,0,110702,,,,,
1334,凱旋の女神,5451,1622,1818,19,13,7,2034,0,122902,,40802,,,
1335,自称天才軍師,1985,553,709,37,5,1,3036,0,110605,,,,,
1336,神算鬼謀,6131,1689,2190,25,13,7,3036,0,140103,,11002,,,
1337,銀灰の仕事人,1721,601,486,34,5,1,4031,0,110301,,,,,
1338,月夜の潜行者,5417,1891,1454,22,13,7,4031,0,110217,,60101,,,
1339,年中千鳥足,2646,1217,915,31,8,5,1015,0,140301,,,,,
1340,呪いを知る者,2663,1225,909,31,8,5,1037,0,120701,,,,,
1341,俊秀の血脈,4095,1429,1274,26,11,6,4021,0,122302,,11101,,,
1342,闘う胃袋,4707,1456,1681,29,11,6,3031,0,130501,,10601,,,
1343,闇虚の煌槍,5575,1660,1775,19,13,7,2041,0,123403,,40202,,,
1344,大富豪戦士,2968,833,1060,33,7,5,3038,0,110711,,,,,
1345,無限の財力,6068,1707,2167,25,13,7,3038,0,161801,,40102,,,
1346,ふたりぼっちヴィヴィアン,2680,1233,903,31,8,5,,0,128701,,,,,
1347,決別の戦斧,6321,1634,2258,25,13,7,3018,0,110817,,10102,,,
1348,お転婆な義賊ラウジー,4733,1448,1691,29,11,6,,0,110717,,10101,,,
1349,ハートの約束マーヴェル,5472,1910,1438,22,13,7,,0,126003,,10202,,,
1350,あかいあくま遠坂凛,2859,998,859,30,8,5,,0,120601,,,,,
1351,五大元素使い遠坂凛,4118,1437,1267,26,11,6,,0,110106,,30101,,,
1352,見習い魔術師衛宮士郎,3286,982,1174,33,8,5,,0,110207,,,,,
1353,正義の味方衛宮士郎,4759,1441,1700,29,11,6,,0,130501,,30201,,,
1354,蒼き槍兵ランサー,2939,875,1049,27,8,5,,0,120401,,,,,
1355,神速の槍兵ランサー,5604,1668,1765,19,13,7,,0,150302,,30202,,,
1356,赤き弓兵アーチャー,2697,1240,898,31,8,5,,0,140301,,,,,
1357,双剣の弓兵アーチャー,5101,2318,1611,23,13,7,,0,110114,,30502,,,
1358,剣士の英霊セイバー,2714,1248,892,31,8,5,,0,120501,,,,,
1359,聖剣の担い手セイバー,3807,1751,1351,27,11,6,,0,122801,,40101,,,
1360,騎士王セイバー,4816,2292,1534,23,13,7,,0,127103,,50301,,,
1361,金髪の青年ギルガメッシュ,2878,1004,854,30,8,5,,0,121201,,,,,
1362,最古の英雄王ギルガメッシュ,5453,1908,1430,22,13,7,,0,126502,,40802,,,
1363,やさぐれ執事,2705,805,873,27,7,5,2022,0,110303,,,,,
1364,天翔る一矢パスカル,3785,1321,1153,26,10,6,,0,122302,,10301,,,
1365,蒼天を衝く斧ユキッド,5733,1563,2048,25,12,7,,0,123203,,10602,,,
1366,専属使用人,1599,736,515,35,5,1,1041,0,110201,,,,,
1367,細腕奮闘少女,4715,2288,1504,23,13,7,1041,0,125703,,40602,,,
1368,海洋警備兵,1793,534,586,31,5,1,2031,0,110101,,,,,
1369,蒼海の烈槍,5632,1677,1756,19,13,7,2031,0,160901,,10502,,,
1370,名勝往く傭兵,1992,551,712,37,5,1,3040,0,110705,,,,,
1371,揺らぐ凛然,6163,1680,2201,25,13,7,3040,0,128703,,40102,,,
1372,博愛貴族青年,1727,603,484,34,5,1,4049,0,110603,,,,,
1373,慈愛の貴公子,5445,1900,1446,22,13,7,4049,0,110118,,50201,,,
1374,晴戦雨読デュプリ,2722,810,868,27,7,5,,0,128701,,,,,
1375,女神の酒杯,5057,2153,1524,23,13,7,1023,0,122802,,10802,,,
1376,忠愛なる斬姫,5148,2332,1528,23,13,7,1039,0,124103,,40301,,,
1377,軽薄飄々デフロット,4190,1247,1562,23,11,6,,0,120402,,40101,,,
1378,眩蒼の一番槍デフロット,5186,1544,1651,19,12,7,,0,120403,,40102,,,
1379,眩蒼の一番槍デフロット,5661,1685,1746,19,13,7,,0,120403,,40102,,,
1380,断業の流星デフロット,5865,1746,2187,17,14,8,,0,120404,,40103,,,
1381,鋼心の麗騎士エメーリエ,2731,1256,886,31,8,5,,0,110307,,,,,
1382,灼熱の女武神エメーリエ,5204,2239,1510,23,13,7,,0,124003,,40102,,,
1383,始まりの伝承,2958,881,1043,27,8,5,2091,0,120301,,,,,
1384,鎧脱ぎし英雄,5486,1715,1761,19,13,7,2091,0,110818,,40802,,,
1385,浜辺の向日葵,3307,976,1182,33,8,5,3088,0,130201,,,,,
1386,真夏の紫陽花,6859,1960,2651,21,14,8,3088,0,125904,,30103,,,
1387,夏色教育係,2896,1011,848,30,8,5,4087,0,140501,,,,,
1388,残夢の護衛士,5733,2001,1783,20,14,8,4087,0,121204,,50401,,,
1389,誓いの豪腕コンラッド,5763,1554,2058,25,12,7,,0,110116,,40602,,,
1390,正義の道標,3329,970,1189,33,8,5,3026,0,110204,,,,,
1391,迷える英傑,2977,886,1037,27,8,5,2023,0,140401,,,,,
1392,天使の憂鬱,3806,1328,1147,26,10,6,4019,0,121102,,10201,,,
1393,至高の武器愛,4213,1254,1555,23,11,6,2047,0,121802,,40601,,,
1394,究極の魔物愛,4711,2155,1675,23,13,7,1053,0,150105,,10302,,,
1395,夢のお披露目,1605,738,513,35,5,1,1055,0,120201,,,,,
1396,想い繋ぐ指先,5214,2397,1929,21,14,8,1055,0,120804,,40303,,,
1397,悪態放蕩貴族,1799,536,584,31,5,1,2029,0,110702,,,,,
1398,バッドボーイ,5683,1689,1740,19,13,7,2029,0,140403,,40502,,,
1399,再起の灯火,1999,549,714,37,5,1,3087,0,110201,,,,,
1400,心眼の武聖,6783,1938,2678,23,14,8,3087,0,140204,,40402,,,
1401,肌色弓使い,1733,605,483,34,5,1,4028,0,110101,,,,,
1402,羞恥の射手,5499,1919,1430,22,13,7,4028,0,127902,,30202,,,
1403,疾風の槍,2996,892,1030,27,8,5,2039,0,110107,,,,,
1404,蒼き韋駄天,5484,1633,1801,19,13,7,2039,0,126201,,40802,,,
1405,月夜酒と雅者アーロン,4784,1434,1709,29,11,6,,0,140202,,40501,,,
1406,月光値千金,5677,2038,1779,20,14,8,4088,0,120604,,30203,,,
1407,月より団子ユージーン,5542,1680,1820,19,13,7,,0,125603,,40102,,,
1408,魔物退治専門,1611,741,511,35,5,1,1040,0,120101,,,,,
1409,凛乎たる一閃,5007,2206,1618,23,13,7,1040,0,125803,,30502,,,
1410,女給見習い,1806,538,582,31,5,1,2064,0,120201,,,,,
1411,覚醒の神槍,5898,1756,2176,17,14,8,2064,0,140404,,40103,,,
1412,北方海軍司令,2006,547,717,37,5,1,3053,0,110805,,,,,
1413,白鯨提督,6195,1671,2213,25,13,7,3053,0,130502,,50301,,,
1414,不屈の王子,1739,607,481,34,5,1,4089,0,110301,,,,,
1415,迅風の剛閃弓,5702,1990,1792,20,14,8,4089,0,110123,,40203,,,
1416,決意の弓戦姫,2914,1017,843,30,8,5,4003,0,128701,,,,,
1417,束の間の休息,5510,1900,1420,22,13,7,4025,0,140503,,11102,,,
1418,〈憤怒の罪〉メリオダス,2748,1264,881,31,8,5,,0,110107,,,,,
1419,七つの大罪団長メリオダス,3828,1760,1344,27,11,6,,0,130501,,20101,,,
1420,魔神の力メリオダス,5243,2411,1920,21,14,8,,0,120604,,30103,,,
1421,リオネス王女エリザベス,2933,1024,838,30,8,5,,0,110207,,,,,
1422,女神の使徒エリザベス,5846,2032,1777,20,14,8,,0,110218,,41203,,,
1423,〈嫉妬の罪〉ディアンヌ,3350,964,1197,33,8,5,,0,120901,,,,,
1424,創造の巨人ディアンヌ,6226,1662,2224,25,13,7,,0,161702,,60101,,,
1425,〈強欲の罪〉,3371,957,1204,33,8,5,3055,0,140201,,,,,
1426,不死身の肉体,6258,1653,2235,25,13,7,3055,0,128703,,30502,,,
1427,〈怠惰の罪〉キング,3015,898,1024,27,8,5,,0,121301,,,,,
1428,妖精王キング,5677,1696,1738,19,13,7,,0,110315,,50201,,,
1429,〈色欲の罪〉ゴウセル,2951,1030,833,30,8,5,,0,122301,,,,,
1430,侵入の傀儡ゴウセル,5487,1923,1435,22,13,7,,0,123003,,40102,,,
1431,〈暴食の罪〉マーリン,2970,1037,827,30,8,5,,0,140501,,,,,
1432,天才魔術士マーリン,5412,1895,1458,22,13,7,,0,121203,,30102,,,
1433,奇妙な鍵楽者Deemo,5053,2148,1529,23,13,7,,0,120603,,30101,,,
1434,無垢なる迷い子少女,5490,1634,1804,19,13,7,,0,110309,,40101,,,
1435,虹の王子ノリス,5259,2509,1838,21,14,8,,0,123804,,40402,,,
1436,嵐呼ぶ女王コライユ,4236,1261,1547,23,11,6,,0,126101,,30101,,,
1437,バニーガールノンノリア,1745,609,479,34,5,1,,0,110704,,,,,
1438,修練の騎士,1616,743,509,35,5,1,1060,0,110301,,,,,
1439,貫き通す者,5124,2300,1603,23,13,7,1060,0,110119,,40302,,,
1440,愛嬌抜群,1812,540,579,31,5,1,2024,0,120101,,,,,
1441,傭兵団の姫,5511,1688,1720,19,13,7,2024,0,150105,,10302,,,
1442,代々農家,2013,545,719,37,5,1,3047,0,110101,,,,,
1443,究極の鋤返し,6290,1644,2247,25,13,7,3047,0,127303,,40702,,,
1444,試練の魔女,1752,612,477,34,5,1,4062,0,110201,,,,,
1445,未来への道標,5765,2012,1774,20,14,8,4062,0,123304,,40402,,,
1446,偉大なる壁オディロン,6367,1685,2176,25,13,7,,0,161701,,40503,,,
1447,永遠の誓いマリユス＆クー,4587,2109,1465,23,12,7,,0,110113,,10102,,,
1448,異国の同朋,4810,1426,1718,29,11,6,3086,0,110210,,30101,,,
1449,悠久の旅人,5792,1546,2069,25,12,7,3086,0,110216,,30102,,,
1450,悠久の旅人,6316,1674,2245,25,13,7,3086,0,110216,,30102,,,
1451,静かなる逆襲,7147,1912,2633,23,14,8,3086,0,110222,,30103,,,
1452,処刑人の血筋,1622,746,508,35,5,1,1051,0,120201,,,,,
1453,奮励の断罪者,4938,2272,1612,23,13,7,1051,0,123403,,30102,,,
1454,町の花売り娘,1818,542,577,31,5,1,2042,0,110702,,,,,
1455,未来の開拓者,5661,1685,1746,19,13,7,2042,0,110618,,41302,,,
1456,烈なる副団長,2020,543,722,37,5,1,3060,0,110101,,,,,
1457,激憤の斧闘神,6896,1971,2638,23,14,8,3060,0,121004,,40103,,,
1458,浮薄な戦医,1758,614,476,34,5,1,4036,0,110601,,,,,
1459,求道の医聖,5482,1913,1434,22,13,7,4036,0,150401,,41202,,,
1460,気まぐれ射手,2988,1043,822,30,8,5,4034,0,110307,,,,,
1461,無防備な魔槍,3034,903,1017,27,8,5,2032,0,121301,,,,,
1462,忍法蝶観察,3518,1618,1223,27,10,6,1001,0,140302,,40101,,,
1463,夕焼けの誓い,4836,1419,1727,29,11,6,3061,0,120902,,40201,,,
1464,旅立ちの朝,4764,2192,1629,23,13,7,1066,0,126903,,30202,,,
1465,金色の正義エドガー,3392,951,1212,33,8,5,,0,128701,,,,,
1466,鏡への嫉妬,5331,1588,1859,19,13,7,2015,0,121402,,10302,,,
1467,悲壮なる英雄,1633,751,504,35,5,1,1092,0,110101,,,,,
1468,反逆の孤狼,5272,2424,1911,21,14,8,1092,0,125905,,40303,,,
1469,未来を知る者,1825,543,575,31,5,1,2093,0,120201,,,,,
1470,決意の赤竜姫,5859,1738,2189,17,14,8,2093,0,121205,,41203,,,
1471,忠節の弓騎士,1770,618,472,34,5,1,4090,0,110201,,,,,
1472,緋色の弓神,5239,1828,1505,22,13,7,4090,0,128001,,50101,,,
1473,一双の凶手,1764,616,474,34,5,1,4091,0,110601,,,,,
1474,悦楽の暗殺者,5288,1848,1489,22,13,7,4091,0,140503,,30502,,,
1475,一双の凶手,1628,749,506,35,5,1,1101,0,110701,,,,,
1476,歓娯の暗殺者,4839,2225,1605,23,13,7,1101,0,140303,,70301,,,
1477,笑わない瞳,2360,1085,786,31,7,5,1054,0,150101,,,,,
1478,復讐の剣豪,4959,2282,1564,23,13,7,1054,0,127003,,50301,,,
1479,忠姫の雪化粧イルメリ,2765,1272,875,31,8,5,,0,120102,,,,,
1480,舞い包む天花イルメリ,5143,2329,1533,23,13,7,,0,123803,,40102,,,
1481,ロンリーハート,3053,909,1011,27,8,5,2094,0,140401,,,,,
1482,幸せのドア,5931,1765,2165,17,14,8,2094,0,120404,,40803,,,
1483,聖夜に咲く花,3414,945,1219,33,8,5,3090,0,110107,,,,,
1484,桜色の癒天使,6934,1981,2624,23,14,8,3090,0,150107,,30103,,,
1485,幸せの届け人カオル,3007,1049,817,30,8,5,,0,121101,,,,,
1486,雪融けの聖夜カオル,5452,1903,1442,22,13,7,,0,110219,,41302,,,
1487,呪われし瞳,2566,896,733,30,7,5,4002,0,123001,,,,,
1488,新たなる兜,4351,1318,1554,29,10,6,3023,0,110213,,40201,,,
1489,魔を屠る者カルラ,4992,1741,1576,22,13,7,,0,121103,,40502,,,
1490,新年の朝暉,5963,1775,2154,17,14,8,2095,0,110121,,40902,,,
1491,内緒の焼き餅,5796,2023,1765,20,14,8,4093,0,140504,,30203,,,
1492,誓いの毒刃,4768,2195,1624,23,13,7,1056,0,140303,,10402,,,
1493,新米隊員アラム,2799,1287,864,31,8,5,,0,110102,,,,,
1494,白閃の疾風アラム,4899,2252,1587,23,13,7,,0,127103,,41302,,,
1495,若き隊長ユーリ,2816,1295,858,31,8,5,,0,120102,,,,,
1496,信頼の絆ユーリ,4532,2084,1486,23,12,7,,0,110113,,20102,,,
1497,穿闇の光導ユーリ,5249,2416,1916,21,14,8,,0,120404,,40303,,,
1498,聖王女ユリアナ,2782,1279,869,31,8,5,,0,110601,,,,,
1499,破艱の聖号令ユリアナ,4849,2229,1607,23,13,7,,0,110214,,50101,,,
1500,年代記の少女フィーナ,3044,1062,806,30,8,5,,0,150101,,,,,
1501,不撓の慈護フィーナ,5828,2034,1756,20,14,8,,0,121204,,40203,,,
1502,戦闘狂師団長ヴェルナー,2922,1022,845,30,8,5,,0,123001,,,,,
1503,爆炎の刻印者ヴェルナー,5242,1828,1505,22,13,7,,0,125603,,70301,,,
1504,天才占い師スイ,3848,1770,1337,27,11,6,,0,126902,,40501,,,
1505,万事如意ジゼル,5996,1785,2143,17,14,8,,0,123404,,40902,,,
1506,栄光と凱歌,4260,1268,1539,23,11,6,2083,0,120602,,30201,,,
1507,運命の戦乙女,5213,1552,1642,19,12,7,2083,0,120603,,30202,,,
1508,運命の戦乙女,5319,1583,1862,19,13,7,2083,0,120603,,30202,,,
1509,天獄への嚮導,5862,1752,2182,17,14,8,2083,0,120604,,30203,,,
1510,想いを繋ぐ者,4251,1953,1580,23,0,7,1102,1,120803,,20103,,,
1511,包み込む思慕,1639,754,502,35,5,1,1072,0,120101,,,,,
1512,不滅の献身,4989,2295,1551,23,13,7,1072,0,127103,,40401,,,
1513,王族教育係,1831,545,573,31,5,1,2055,0,110601,,,,,
1514,作法の伝道師,5581,1664,1769,19,13,7,2055,0,127502,,40302,,,
1515,闘技場の天色,2027,541,724,37,5,1,3056,0,110101,,,,,
1516,連闘連勝,6971,1992,2611,23,14,8,3056,0,110122,,30103,,,
1517,遠い居場所,1776,620,470,34,5,1,4053,0,110201,,,,,
1518,一意専心の弓,5228,1826,1504,22,13,7,4053,0,110212,,41302,,,
1519,大富豪槍士シャンタル,5682,1702,1732,19,13,7,,0,110812,,40801,,,
1520,呪禁の剣タニヤ,2833,1303,852,31,8,5,,0,128701,,,,,
1521,日々是宜候,6220,1651,2107,25,13,7,3019,0,120403,,40202,,,
1522,闇を穿つ槍,3072,915,1004,27,8,5,2038,0,110706,,,,,
1523,無双の筋肉,3435,939,1227,33,8,5,3044,0,120102,,,,,
1524,武闘派軍師セシル,3826,1335,1141,26,10,6,,0,122302,,10701,,,
1525,秘めたる闘志,4283,1275,1531,23,11,6,2062,0,120503,,40501,,,
1526,最強の幼馴染,4877,2242,1598,23,13,7,1067,0,125503,,40602,,,
1527,孤高の暗殺者,1644,756,500,35,5,1,1038,0,110101,,,,,
1528,闇夜裂く銀狼,5015,2307,1545,23,13,7,1038,0,123303,,30502,,,
1529,夢紡ぐ調香師,1837,547,571,31,5,1,2049,0,120201,,,,,
1530,不撓の調香師,5651,1681,1749,19,13,7,2049,0,123703,,40102,,,
1531,防衛隊の要,2034,539,727,37,5,1,3029,0,110201,,,,,
1532,公国の守護神,6254,1639,2251,25,13,7,3029,0,127003,,50201,,,
1533,噂好きな魔女,1782,622,469,34,5,1,4059,0,120101,,,,,
1534,伝説の黒魔女,5670,1978,1801,20,14,8,4059,0,124104,,41203,,,
1535,蒼と紅の華,6028,1794,2132,17,14,8,2096,0,150303,,40803,,,
1536,攻守両用眼鏡ノエル,5011,2311,1544,23,13,7,,0,110113,,10302,,,
1537,護衛兼教育係ヘリア,4862,1412,1737,29,11,6,,0,110213,,40501,,,
1538,貴公子の甘誘ルーカン,5679,1698,1735,19,13,7,,0,122002,,40102,,,
1539,妖精の巣立ち,5891,2056,1738,20,14,8,4038,0,150402,,41303,,,
1540,武器収集家,3091,920,998,27,8,5,2047,0,110608,,,,,
1541,二匹の獣ヴィヴィアン,3537,1627,1216,27,10,6,,0,120402,,40601,,,
1542,復讐の代行者,6305,1638,2252,25,13,7,3050,0,140203,,40702,,,
1543,揺るぎなき者,1650,759,498,35,5,1,1080,0,110101,,,,,
1544,英雄の後継者,5229,2401,1924,21,14,8,1080,0,123404,,30203,,,
1545,自警団の華,1844,549,569,31,5,1,2058,0,120101,,,,,
1546,勇気の証,5528,1709,1751,19,13,7,2058,0,110215,,10203,,,
1547,魔物の天敵,2041,537,729,37,5,1,3065,0,110201,,,,,
1548,ベビーメイス,6051,1711,2161,25,13,7,3065,0,125603,,40901,,,
1549,大人への階段,1788,624,467,34,5,1,4070,0,120201,,,,,
1550,天使の悪戯,5495,1923,1429,22,13,7,4070,0,123003,,40802,,,
1551,夢の国の８歳,3025,1056,811,30,8,5,4044,0,128701,,,,,
1552,みんなの笑顔,4613,2118,1681,23,13,7,1005,0,120403,,40503,,,
1553,紅と蒼の猛牛バルカス,5822,1537,2079,25,12,7,,0,130203,,10302,,,
1554,逆襲の立体機動ジム,2771,1275,872,31,8,5,,0,120202,,,,,
1555,義勇軍の翼ジム,5151,2329,1530,23,13,7,,0,110314,,30202,,,
1556,決意の立体機動マリユス,2789,1282,867,31,8,5,,0,120701,,,,,
1557,翼を持った従者マリユス,5324,2446,1899,21,14,8,,0,120804,,40103,,,
1558,苦難の立体機動デフロット,2926,871,1052,27,8,5,,0,110806,,,,,
1559,空飛ぶ伊達男デフロット,5502,1714,1756,19,13,7,,0,127601,,50101,,,
1560,立体機動女給ノンノリア,2961,1033,830,30,8,5,,0,150101,,,,,
1561,絆を守る力ノンノリア,5905,2066,1732,20,14,8,,0,110223,,50401,,,
1562,調査兵団兵士長,2948,879,1046,27,8,5,2071,0,121301,,,,,
1563,最強の潔癖症,4801,1429,1781,19,12,7,2071,0,150105,,20102,,,
1564,人類最強の兵士,5881,1754,2179,17,14,8,2071,0,123804,,40803,,,
1565,死に急ぎ野郎,3169,1016,1131,33,8,5,3067,0,110304,,,,,
1566,咆哮の巨人,6911,1977,2629,23,14,8,3067,0,121004,,30103,,,
1567,訓練兵団首席,2806,1292,861,31,8,5,1106,0,110107,,,,,
1568,黒髪の百騎兵,5354,2459,1888,21,14,8,1106,0,120404,,41303,,,
1569,頭脳明晰,2943,1027,835,30,8,5,4071,0,140501,,,,,
1570,正解を導く力,5682,1981,1795,20,14,8,4071,0,150106,,40603,,,
1571,調査兵団団長,3259,991,1162,33,8,5,3068,0,130201,,,,,
1572,非情なる覚悟,5991,1729,2139,25,13,7,3068,0,161701,,40302,,,
1573,芋女,3272,984,1169,33,8,5,3069,0,120901,,,,,
1574,巨人を狩る者,5341,1677,1907,25,12,7,3069,0,128703,,40202,,,
1575,調査兵団分隊長,2883,1009,851,30,8,5,4072,0,110710,,,,,
1576,人類の奇行種,5473,1909,1439,22,13,7,4072,0,110816,,50301,,,
1577,導きの灯火,3869,1779,1330,27,11,6,1090,0,110108,,10101,,,
1578,英雄たちの娘,4306,1282,1523,23,11,6,2096,0,110209,,10301,,,
1579,野心抱く山賊ヴィクトー,5419,1902,1451,22,13,7,,0,123003,,30202,,,
1580,駆け出し騎士,1656,762,496,35,5,1,1073,0,110101,,,,,
1581,燃ゆる騎士道,4946,2277,1569,23,13,7,1073,0,110214,,30202,,,
1582,希代の高慢者,1850,551,567,31,5,1,2052,0,120201,,,,,
1583,軍神,6061,1804,2121,17,14,8,2052,0,120604,,40303,,,
1584,彷徨いの咎人,2048,535,732,37,5,1,3070,0,120101,,,,,
1585,贖罪の聖者,6957,1989,2619,23,14,8,3070,0,110219,,40703,,,
1586,孤児院の魔女,1794,626,465,34,5,1,4061,0,110201,,,,,
1587,魔導の研鑽者,5461,1906,1441,22,13,7,4061,0,150202,,41202,,,
1588,呪われし海賊シルヴェストル,3110,926,992,27,8,5,,0,128701,,,,,
1589,マゴニアの民,5072,1769,1553,22,13,7,4011,0,110217,,11102,,,
1590,自称魔族,1661,764,494,35,5,1,1078,0,110401,,,,,
1591,魔神への一歩,4969,2286,1561,23,13,7,1078,0,127003,,70301,,,
1592,北方三将軍,1856,553,565,31,5,1,2098,0,110107,,,,,
1593,嵐海の神槍,5951,1771,2159,17,14,8,2098,0,110121,,41602,,,
1594,最強の看板娘,2055,533,734,37,5,1,3051,0,120401,,,,,
1595,双絶の剛斧,7009,2003,2597,23,14,8,3051,0,124104,,40203,,,
1596,教え導く者,1801,629,463,34,5,1,4096,0,110205,,,,,
1597,神啓の聖教皇,5381,1876,1466,22,13,7,4096,0,110312,,60101,,,
1598,モナムール,3062,1069,801,30,8,5,4074,0,120501,,,,,
1599,愛の伝道師,5859,2045,1747,20,14,8,4074,0,110318,,40103,,,
1600,切り込み隊長,3910,1798,1316,27,11,6,1064,0,126902,,50101,,,
1601,凄腕料理人,2849,1310,846,31,8,5,1065,0,120401,,,,,
1602,真心の隠し味ルミナス,5202,2392,1933,21,14,8,,0,110220,,30103,,,
1603,若き賢王,3890,1789,1323,27,11,6,1119,0,123802,,30701,,,
1604,救世の賢王,4610,2120,1457,23,12,7,1119,0,123803,,30702,,,
1605,救世の賢王,5021,2309,1545,23,13,7,1119,0,123803,,30702,,,
1606,紫陽花の聖王,5301,2438,1901,21,14,8,1119,0,123804,,30703,,,
1607,抗いし者,1667,767,493,35,5,1,1112,0,110101,,,,,
1608,解放されし魂,5359,2464,1882,21,14,8,1112,0,110120,,40402,,,
1609,破鎧の女騎士,1863,555,562,31,5,1,2074,0,110201,,,,,
1610,守護者の伝承,6093,1814,2110,17,14,8,2074,0,123404,,40803,,,
1611,精鋭部隊隊員,2063,531,737,37,5,1,3059,0,120101,,,,,
1612,淡碧なる矜持,6102,1693,2179,25,13,7,3059,0,127303,,30102,,,
1613,不変の正義,1807,631,461,34,5,1,4078,0,110801,,,,,
1614,暗晦撃つ光明,5461,1906,1442,22,13,7,4078,0,125703,,50301,,,
1615,誓いの背教者ディミトリ,5461,1639,1801,19,13,7,,0,128703,,40202,,,
1616,ブーメラン/真アルノー,4329,1289,1515,23,11,6,,0,121901,,30201,,,
1617,ナイトメアスイ,5421,2513,1840,21,14,8,,0,127004,,70302,,,
1618,秘めた恋心,2822,1298,855,31,8,5,1120,0,150101,,,,,
1619,戯れの姫君,5198,2389,1939,21,14,8,1120,0,120604,,50302,,,
1620,夏睨む番犬ガルム,3130,932,985,27,8,5,,0,110307,,,,,
1621,記憶紡ぐ夏夕,6172,1838,2083,17,14,8,2101,0,110624,,41602,,,
1624,南風と太陽ラウジー,3456,933,1235,33,8,5,,0,130201,,,,,
1625,夏色恋泥棒ラウジー,5769,1793,2061,25,13,7,,0,161801,,40102,,,
1626,饒舌な沈黙ロザリー,3081,1075,795,30,8,5,,0,140501,,,,,
1627,虹色の未来ロザリー,5487,1912,1438,22,13,7,,0,150502,,30702,,,
1628,羅刹の剣,1673,769,491,35,5,1,1110,0,120101,,,,,
1629,砂塵血風,4975,2289,1560,23,13,7,1110,0,123503,,30502,,,
1630,片想いの達人,1869,557,560,31,5,1,2051,0,110702,,,,,
1631,愛及屋烏,5657,1683,1748,19,13,7,2051,0,110315,,30202,,,
1632,海を愛する男,2070,529,739,37,5,1,3072,0,120201,,,,,
1633,海護る紅焔,7047,2014,2584,23,14,8,3072,0,120404,,40703,,,
1634,金色のエール,1813,633,460,34,5,1,4079,0,110201,,,,,
1635,専属盛上隊長,5922,2067,1729,20,14,8,4079,0,150106,,30103,,,
1636,忠姫の試練,2813,1301,848,31,8,5,1039,0,110302,,,,,
1637,慈愛の女薬師,3477,927,1242,33,8,5,3004,0,120901,,,,,
1638,美しき誤解エミリア,3556,1635,1210,27,10,6,,0,126902,,10401,,,
1639,選ばれし少女ジョーヌ,5490,1915,1440,22,13,7,,0,121103,,41302,,,
1640,最凶の偽妹,4888,1404,1746,29,11,6,3079,0,140202,,30101,,,
1641,偽りの領主ブラン,2689,1237,901,31,8,5,,0,120102,,,,,
1642,人猫一体の槍,5619,1672,1759,19,13,7,2013,0,121501,,40602,,,
1643,誇り高き血統アーデルハイド,6126,1823,2099,17,14,8,,0,150303,,50202,,,
1644,騎士と父の顔,5416,2490,1862,21,14,8,1122,0,127104,,50401,,,
1645,日雇い用心棒,2697,1240,898,31,8,5,1027,0,110107,,,,,
1646,食わず嫌い姫ジョゼット,4374,1311,1563,29,10,6,,0,120502,,40201,,,
1647,白詰草の騎士ドロシー,5219,1553,1896,19,13,7,,0,110712,,60101,,,
1648,正教の剣,1678,771,488,35,5,1,1108,0,110101,,,,,
1649,信念の聖騎士,5387,2477,1872,21,14,8,1108,0,110220,,30103,,,
1650,戦禍の舞姫,1875,558,558,31,5,1,2075,0,120101,,,,,
1651,剣閃舞踏,5479,1637,1803,19,13,7,2075,0,126102,,30502,,,
1652,聖鎚の使い手,2077,527,742,37,5,1,3071,0,120201,,,,,
1653,火の玉ガール,5731,1802,2048,25,13,7,3071,0,130502,,40901,,,
1654,秘めし才覚,1819,635,458,34,5,1,4068,0,110604,,,,,
1655,天射る紅矢,5954,2078,1720,20,14,8,4068,0,120404,,30203,,,
1656,酔々月下美人ユリーカ,5488,1914,1439,22,13,7,,0,123603,,41202,,,
1657,天満月の宵ギルバード,6821,1906,2641,23,14,8,,0,110623,,60102,,,
1658,日輪の閃光ヴェロニク,5862,1742,2188,17,14,8,,0,122102,,70302,,,
1659,月影の怪盗,5445,2504,1853,21,14,8,1118,0,140304,,40103,,,
1660,夏の若様スレヴィ,3149,937,979,27,8,5,,0,110501,,,,,
1661,花組隊長大神一郎,2788,1282,866,31,8,5,,0,120102,,,,,
1662,黒髪の貴公子大神一郎,4758,2189,1631,23,13,7,,0,127304,,20102,,,
1663,帝国華撃団・花組,2778,1276,872,31,8,5,1123,0,110107,,,,,
1664,帝都に咲く華,5474,2517,1843,21,14,8,1123,0,120605,,50202,,,
1665,巴里華撃団・花組ｴﾘｶ･ﾌｫﾝﾃｨｰﾇ,3099,1081,790,30,8,5,,0,110207,,,,,
1666,巴里の天使ｴﾘｶ･ﾌｫﾝﾃｨｰﾇ,5985,2089,1711,20,14,8,,0,150109,,40803,,,
1667,移り気な恋心,1496,688,550,35,5,1,1052,0,110703,,,,,
1668,得恋の祝福,4817,2214,1612,23,13,7,1052,0,110314,,41202,,,
1669,雌伏の勇槍,1882,560,556,31,5,1,2106,0,120201,,,,,
1670,覚醒の血脈,6158,1833,2088,17,14,8,2106,0,110221,,41303,,,
1671,幼き解放戦士,2097,521,749,37,5,1,3077,0,120101,,,,,
1672,超絶爆発少女,5959,1739,2128,25,13,7,3077,0,123603,,60201,,,
1673,折れた翼,1825,637,456,34,5,1,4067,0,110201,,,,,
1674,天穿つ剛弓,6017,2100,1702,20,14,8,4067,0,123404,,41602,,,
1675,黒髪の闘将,3520,915,1257,33,8,5,3078,0,121001,,,,,
1676,不屈の闘志,6872,1966,2646,23,14,8,3078,0,123804,,50102,,,
1677,偽モーリスアジュール,3498,921,1250,33,8,5,,0,120601,,,,,
1678,ナイトフライヴァルナル,4817,2214,1612,23,13,7,,0,110615,,40202,,,
1679,正義に閃く剣光エイラ,5048,2321,1538,23,13,7,,0,123703,,30702,,,
1680,隊長にして王バルカス,5017,1367,1792,29,11,6,,0,125902,,40801,,,
1681,赤き猛牛バルカス,5704,1529,2090,25,12,7,,0,125903,,40802,,,
1682,赤き猛牛バルカス,6417,1808,2318,25,13,7,,0,125903,,40802,,,
1683,深紅の護民王バルカス,7084,2024,2571,23,14,8,,0,125904,,40803,,,
1684,誓いの剛槍,5533,1647,1798,19,13,7,2103,0,120603,,50201,,,
1685,ニューカマーノエル,5503,2530,1833,21,14,8,,0,125604,,70402,,,
1686,覚醒の追複曲,7122,2035,2557,23,14,8,3027,0,127305,,50202,,,
1687,近衛兵団団長,1541,709,535,35,5,1,1063,0,120101,,,,,
1688,復活の蒼剣,5236,2406,1922,21,14,8,1063,0,120804,,60102,,,
1689,ハッピーエンド,1887,562,553,31,5,1,2060,0,120201,,,,,
1690,永遠の絆,6191,1843,2078,17,14,8,2060,0,127602,,40103,,,
1691,再会の旅路,1891,581,675,37,5,1,3080,0,110601,,,,,
1692,世界一の決意,5999,1727,2141,25,13,7,3080,0,123703,,42001,,,
1693,砂漠の狩人,1749,611,478,34,5,1,4080,0,110201,,,,,
1694,風と砂の舞姫,5414,1893,1456,22,13,7,4080,0,127902,,10103,,,
1695,旅先案内人,2908,1014,845,30,8,5,4050,0,140501,,,,,
1696,金持ちの道楽,3168,943,972,27,8,5,2061,0,120501,,,,,
1697,明かされた謎,4398,1304,1571,29,10,6,3015,0,120103,,40701,,,
1698,災難な侍女,3931,1808,1310,27,11,6,1026,0,128702,,41301,,,
1699,お忍びの王女,4889,2249,1589,23,13,7,1132,0,123903,,30102,,,
1700,明るい諜報員,2794,1289,865,31,8,5,1131,0,110807,,,,,
1701,正しき資質シュエット,5532,2543,1823,21,14,8,,0,127204,,30703,,,
1702,孤独な魔道士,3011,1052,814,30,8,5,4103,0,110307,,,,,
1703,指輪の継承者,6048,2111,1693,20,14,8,4103,0,123004,,60202,,,
1704,未来の聖王,3951,1817,1303,27,11,6,1119,0,110108,,40201,,,
1705,大公の娘,4352,1296,1508,23,11,6,2104,0,120103,,30201,,,
1706,父の背中,3972,1827,1296,27,11,6,1122,0,110208,,40301,,,
1707,救世の戦女神,4913,1397,1755,29,11,6,3021,0,121002,,20101,,,
1708,青き髪の少女,2758,1268,878,31,8,5,1133,0,110707,,,,,
1709,無垢なる魂レイ,4716,2168,1649,23,13,7,,0,127203,,50301,,,
1710,絆の聖鎌レイ,5291,2431,1907,21,14,8,,0,124005,,70402,,,
1711,気弱な少年,2724,1252,889,31,8,5,1134,0,110207,,,,,
1712,僕の居場所,4706,2159,1662,23,13,7,1134,0,125603,,30202,,,
1713,希望拓くナイフ,5194,2386,1936,21,14,8,1134,0,120405,,40902,,,
1714,白き肌の少年,3205,954,959,27,8,5,2108,0,140401,,,,,
1715,静謐なる導き,5279,1571,1876,19,13,7,2108,0,122001,,50101,,,
1716,神殺しの槍,6223,1853,2067,17,14,8,2108,0,110625,,50401,,,
1717,勝ち気な少女,3541,909,1265,33,8,5,3100,0,130201,,,,,
1718,若き天才,6322,1678,2228,25,13,7,3100,0,161702,,40102,,,
1719,孤高の双刃,7159,2046,2544,23,14,8,3100,0,125906,,41602,,,
1720,謎の少女,2919,1019,844,30,8,5,4104,0,140501,,,,,
1721,ワンツーパンチ,5203,1819,1512,22,13,7,4104,0,126502,,40901,,,
1722,解放のライフル,5666,1975,1798,20,14,8,4104,0,121206,,50202,,,
1723,黒髪の執事ノワール,3187,949,966,27,8,5,,0,128701,,,,,
1724,クピードの矢,5043,1759,1562,22,13,7,4063,0,140503,,40702,,,
1725,スポンジジム,2635,1212,918,31,8,5,,0,128701,,,,,
1726,揺るがぬ想いジム,5561,2556,1814,21,14,8,,0,127004,,41701,,,
1727,兄想うサンタ,2966,884,1041,27,8,5,2077,0,150101,,,,,
1728,紡ぐ思い出,5981,1779,2148,17,14,8,2077,0,110221,,50102,,,
1729,寒風吹き曝し,3363,961,1201,33,8,5,3101,0,120202,,,,,
1730,聖雪の伊達男,7197,2057,2530,23,14,8,3101,0,124104,,40103,,,
1731,勝負の季節ロベリア,2883,1007,851,30,8,5,,0,140501,,,,,
1732,聖夜に躍る蝶ロベリア,5691,1986,1793,20,14,8,,0,123204,,40803,,,
1733,二番弟子,1575,724,524,35,5,1,1109,0,120101,,,,,
1734,灼砂の魔双剣,5579,2561,1809,21,14,8,1109,0,123804,,60202,,,
1735,先天的問題児,1720,512,610,31,5,1,2067,0,110601,,,,,
1736,煽動の槍手,5526,1645,1796,19,13,7,2067,0,110814,,40802,,,
1737,豪快な女騎士,1996,550,713,37,5,1,3066,0,110101,,,,,
1738,爆炎の女傑,7234,2067,2517,23,14,8,3066,0,120404,,30703,,,
1739,誉れ高き弓兵,1699,593,492,34,5,1,4073,0,110701,,,,,
1740,再起への希望,5263,1839,1497,22,13,7,4073,0,128001,,70401,,,
1741,初雪を君と,6044,1797,2129,17,14,8,2109,0,122102,,41701,,,
1742,願えば、叶う,6079,2121,1684,20,14,8,4106,0,110223,,50502,,,
1743,お嬢様の試練,3562,902,1272,33,8,5,3102,0,120102,,,,,
1744,超克の微笑,6801,1944,2664,23,14,8,3102,0,125604,,50302,,,
1745,優しき剣士,1535,706,537,35,5,1,1130,0,120101,,,,,
1746,不世出の天才,4919,2261,1579,23,13,7,1130,0,110314,,30102,,,
1747,頼れる助っ人,1726,514,608,31,5,1,2107,0,120201,,,,,
1748,戦場の救世主,6256,1862,2056,17,14,8,2107,0,127701,,40303,,,
1749,錬鉄の鍛冶師,1966,558,703,37,5,1,3104,0,110101,,,,,
1750,一鎚入魂,6045,1714,2158,25,13,7,3104,0,125903,,60101,,,
1751,パズル愛,1663,580,503,34,5,1,4064,0,110804,,,,,
1752,知勇の探究者,5877,2039,1751,20,14,8,4064,0,110223,,50502,,,
1753,世話女房役,2639,1214,917,31,8,5,1067,0,128701,,,,,
1754,傭兵的休日,6224,1658,2229,25,13,7,3012,0,110713,,40702,,,
1755,正道往く旗頭ヴァルダー,5726,1804,2045,25,13,7,,0,110119,,41601,,,
1756,恋する従者マリユス,2741,1259,885,31,8,5,,0,150101,,,,,
1757,恋戦の勝利者,5590,2570,1804,21,14,8,1140,0,127204,,50401,,,
1758,隣の異邦人,3064,912,1008,27,8,5,2112,0,110501,,,,,
1759,狂騒の恋姫,6288,1872,2045,17,14,8,2112,0,140404,,40203,,,
1760,友チョコイネス,3234,997,1155,33,8,5,,0,110207,,,,,
1761,親愛の渦模様イネス,7272,2078,2504,23,14,8,,0,110222,,50202,,,
1762,遠い日の言葉ノンノリア,2910,1015,844,30,8,5,,0,123001,,,,,
1763,未来への想いノンノリア,6110,2132,1675,20,14,8,,0,150402,,41701,,,
1764,総参謀長,4140,1445,1261,26,11,6,4109,0,123802,,42301,,,
1765,政戦両略,5014,1750,1360,22,12,7,4109,0,123803,,42302,,,
1766,政戦両略,5411,1897,1439,22,13,7,4109,0,123803,,42302,,,
1767,紅の叡智,5941,2072,1725,20,14,8,4109,0,123804,,42303,,,
1768,ジェノサイドジャマル,5549,2548,1817,21,14,8,,0,127104,,41602,,,
1769,破壊活動者,2903,1014,845,30,8,5,4026,0,128701,,,,,
1770,兼業占い師,2793,1285,866,31,8,5,1059,0,110302,,,,,
1771,バレン隊員２号,3937,1172,1393,23,10,6,2115,0,130501,,10201,,,
1772,バレン隊員１号,4939,1389,1764,29,11,6,3109,0,130202,,10101,,,
1773,絵描きの卵,1625,748,507,35,5,1,1143,0,110601,,,,,
1774,無限の色彩,5618,2583,1794,21,14,8,1143,0,110220,,30203,,,
1775,解放の新風,1815,541,578,31,5,1,2113,0,120201,,,,,
1776,救民の志,5629,1675,1758,19,13,7,2113,0,160901,,41601,,,
1777,力を求む旅人,1884,583,673,37,5,1,3105,0,110101,,,,,
1778,高みへの挑戦,7310,2089,2490,23,14,8,3105,0,120604,,30503,,,
1779,よき正教徒,1779,621,469,34,5,1,4077,0,110201,,,,,
1780,愛広める祈り,5459,1905,1439,22,13,7,4077,0,150202,,50201,,,
1781,赤髪の騎士ラインハルト,2819,1296,857,31,8,5,,0,110307,,,,,
1782,『剣聖』の家系,5314,2443,1900,21,14,8,1142,0,125605,,40803,,,
1783,傲岸不遜な姉,3174,946,969,27,8,5,2114,0,120202,,,,,
1784,千里眼の加護,5279,1571,1876,19,13,7,2114,0,110315,,40102,,,
1785,最強の姉様,6321,1882,2034,17,14,8,2114,0,-1,,70402,,,
1786,慇懃無礼な妹,3216,1003,1147,33,8,5,3107,0,110607,,,,,
1787,スバルくんの,5743,1799,2051,25,13,7,3107,0,150105,,30102,,,
1788,世界一の幸せ,7347,2100,2477,23,14,8,3107,0,161803,,60202,,,
1789,大罪司教,3269,986,1168,33,8,5,3108,0,140201,,,,,
1790,怠惰なる権能,6843,1909,2638,23,14,8,3108,0,128705,,70302,,,
1791,銀髪の精霊術師エミリア,2994,1046,819,30,8,5,,0,110207,,,,,
1792,次代の王候補エミリア,5493,1916,1436,22,13,7,,0,121103,,20102,,,
1793,嬉しい特別扱いエミリア,5752,2008,1779,20,14,8,,0,110319,,60102,,,
1794,氷点クール,5325,1585,1861,19,13,7,2117,0,110712,,40202,,,
1795,脳天ファイア,6343,1683,2188,25,13,7,3111,0,140103,,40102,,,
1796,抱き込む想い,2734,1259,884,31,8,5,1141,0,150101,,,,,
1797,親愛の二色,5355,2462,1885,21,14,8,1141,0,127204,,30703,,,
1798,迷える若王,2699,1243,895,31,8,5,1144,0,110607,,,,,
1799,賢王の贈り物,5647,2596,1785,21,14,8,1144,0,110120,,50502,,,
1800,白の王子様,2942,873,1050,27,8,5,2118,0,128701,,,,,
1801,欲すなら奪え,6353,1891,2023,17,14,8,2118,0,110624,,50102,,,
1802,嫁チョコ,3261,990,1165,33,8,5,3110,0,110707,,,,,
1803,幸せの特等席,7385,2110,2463,23,14,8,3110,0,127104,,42002,,,
1804,紅く猛る大剣レオナ,6130,2829,2122,19,15,8,,0,110120,,40403,40303,,
1805,金剛不壊の大盾ブークリエ,7021,2153,2567,15,15,8,,0,110227,,40204,40803,,
1806,不機嫌なメイドジョーヌ,2885,1002,851,30,8,5,,0,128601,,,,,
1807,アダーガの微笑,5284,1573,1873,19,13,7,2034,0,150105,,30202,,,
1808,マーヴェラス,5745,2004,1781,20,14,8,4117,0,123004,,60102,,,
1809,日輪を射る者ロイ,5781,2019,1769,20,14,8,,0,122602,,70402,,,
1810,偉大なる指南役,5207,2395,1931,21,14,8,1019,0,122803,,40203,,,
1811,不倒再起の雄,5676,2609,1775,21,14,8,1146,0,127004,,40803,,,
1812,流星の蒼槍,6386,1901,2012,17,14,8,2111,0,127104,,42303,,,
1813,英雄日和フェルナンド,5705,2622,1765,21,14,8,,0,127204,,50302,,,
1814,がんばります,6141,2143,1666,20,14,8,4114,0,150106,,50202,,,
1815,大人への階段,5685,1984,1794,20,14,8,4123,0,140504,,40603,,,
1816,優艶の奏者,2780,1278,871,31,8,5,1149,0,110107,,,,,
1817,月天の葬送曲,5431,2496,1858,21,14,8,1149,0,127104,,50401,,,
1818,みんなの妹,2966,1035,828,30,8,5,4115,0,110207,,,,,
1819,日天の夢想曲,5856,2036,1767,20,14,8,4115,0,110218,,40803,,,
1820,忠義と信念,5013,1493,1709,19,12,7,2120,0,110115,,40102,,,
1821,忠義と信念,5477,1629,1808,19,13,7,2120,0,110115,,40102,,,
1822,全騎士の規範,6016,1789,2137,17,14,8,2120,0,110121,,40103,,,
1823,愛国の英雄,7060,1950,2660,15,15,8,2120,0,110121,,40104,30103,,
1824,翠玉色の瞳,2791,1283,867,31,8,5,1150,0,120102,,,,,
1825,開眼の剣豪,5438,2501,1855,21,14,8,1150,0,127104,,42303,,,
1826,全力疾走アウロラ,3241,995,1157,33,8,5,,0,150101,,,,,
1827,小さな奇跡アウロラ,7422,2121,2450,23,14,8,,0,123404,,50202,,,
1828,素直な素顔モーヴ,3356,963,1199,33,8,5,,0,128601,,,,,
1829,小麦色の女王,5359,1597,1848,19,13,7,2057,0,140403,,40302,,,
1830,ソリテールロマーヌ,5991,1782,2145,17,14,8,,0,110121,,60202,,,
1831,孤高なる刃,1501,691,548,35,5,1,1148,0,110101,,,,,
1832,迷妄の剣鬼,5282,2429,1909,21,14,8,1148,0,123304,,70402,,,
1833,荒くれ貴族,1751,522,600,31,5,1,2123,0,120101,,,,,
1834,喧嘩上等！,6418,1911,2001,17,14,8,2123,0,128704,,40902,,,
1835,南海の王子,2792,1284,866,31,8,5,1160,0,110207,,,,,
1836,エピロスの真珠,5317,2443,1900,21,14,8,1160,0,127204,,50302,,,
1837,忍耐と寛容レティシア,3047,906,1015,27,8,5,,0,110807,,,,,
1838,あたしはあたしレティシア,5994,1784,2144,17,14,8,,0,125604,,50102,,,
1839,幸せの羅針盤,3251,992,1161,33,8,5,3118,0,120401,,,,,
1840,笑顔の宝島,6831,1951,2659,23,14,8,3118,0,150107,,40703,,,
1841,謙虚な美徳ヒルダ,2981,1040,825,30,8,5,,0,123001,,,,,
1842,椿色の誇りヒルダ,5931,2069,1727,20,14,8,,0,150402,,30703,,,
1843,唯我独尊,2914,1017,843,30,8,5,4060,0,110207,,,,,
1844,純白の捕縛者,2729,1254,888,31,8,5,1058,0,120301,,,,,
1845,辺境警備隊長トリム,4376,1303,1500,23,11,6,,0,121302,,30201,,,
1846,北海の活火山,6144,1687,2177,25,13,7,3119,0,110817,,10203,,,
1847,悪を挫く眼鏡,3993,1836,1289,27,11,6,1075,0,110313,,40201,,,
1848,風のいたずら,5302,1579,1867,19,13,7,2004,0,123902,,10203,,,
1849,彷徨える仙師,5678,1979,1798,20,14,8,4057,0,140504,,40402,,,
1850,人類の希望エレン,6779,1916,2637,23,14,8,,0,140204,,30203,,,
1851,最強の血族,6307,2688,2289,19,15,8,1155,0,127306,,40104,40402,,
1852,現実主義者ジャン,3247,993,1160,33,8,5,,0,121001,,,,,
1853,僚友への想いジャン,7460,2132,2436,23,14,8,,0,125703,,70402,,,
1854,生き急ぎ分隊長ハンジ,5696,1988,1789,20,14,8,,0,110124,,60202,,,
1855,ムードメーカーコニー,2732,1258,885,31,8,5,,0,110102,,,,,
1856,天然の才能コニー,5614,2581,1792,21,14,8,,0,123404,,41701,,,
1857,悔いなき選択リヴァイ,7089,1953,2658,15,15,8,,0,127005,,40803,40902,,
1858,いい子クリスタ,2939,1026,836,30,8,5,,0,120601,,,,,
1859,調査兵団の女神クリスタ,6173,2154,1657,20,14,8,,0,150503,,50302,,,
1860,希望の灯火エルヴィン,6781,1922,2645,23,14,8,,0,110122,,41203,,,
1861,傭兵団の誇りヴァルダー,3485,924,1246,33,8,5,,0,128701,,,,,
1862,聖母の奇跡,5079,1772,1551,22,13,7,4016,0,150202,,10203,,,
1863,雷光の魔術師,1804,630,462,34,5,1,4120,0,120201,,,,,
1864,魔導将軍,6031,2105,1697,20,14,8,4120,0,125704,,41701,,,
1865,秘奥を知る者,1822,636,457,34,5,1,4121,0,110301,,,,,
1866,魔導元帥,6986,2180,2190,18,15,8,4121,0,110224,,40304,30203,,
1867,星影のダンディバカラック,6023,2102,1699,20,14,8,,0,126602,,42002,,,
1868,渚の色男ケルヴィン,2811,1293,859,31,8,5,,0,120401,,,,,
1869,騎士の休息ケルヴィン,5584,2566,1807,21,14,8,,0,125704,,50102,,,
1870,はだしの女神,3103,923,995,27,8,5,2125,0,110207,,,,,
1871,魅惑の果実,7129,1959,2653,15,15,8,2125,0,123904,,40104,41203,,
1872,サマーレッスン,3229,999,1153,33,8,5,3117,0,110807,,,,,
1873,大胆無敵な夏,8590,2180,3310,21,15,8,3117,0,127004,,40304,30103,,
1874,アバンチュール,3051,1064,803,30,8,5,4127,0,150101,,,,,
1875,夏色の応援歌,6159,2147,1661,20,14,8,4127,0,110318,,30403,,,
1876,餓狼推参ルギス,4634,2131,1449,23,12,7,,0,125902,,40102,,,
1877,餓狼推参ルギス,4975,2251,1650,23,13,7,,0,125902,,40102,,,
1878,真愛の絆ルギス,5510,2514,1846,21,14,8,,0,125905,,40103,,,
1879,安息と救済ルギス,6291,2846,2069,19,15,8,,0,125905,,40104,40303,,
1880,饒舌なる無言,2876,874,998,27,8,5,2126,0,120501,,,,,
1881,神速のレディ,6253,1790,2143,17,14,8,2126,0,122102,,70402,,,
1882,約束の翼,6279,2781,2226,19,15,8,1166,0,125804,,20103,40103,,
1883,月光の誓いエルザ,5372,2614,2110,21,14,8,,0,140504,,41303,,,
1884,始まりの名前シンシア,7014,1937,2538,15,15,8,,0,123904,,41603,40902,,
1885,心眼の勝負師モーリス,8935,2291,3349,21,15,8,,0,128704,,40402,10203,,
1886,閑日月ありナタン,6213,2129,1786,20,14,8,,0,123804,,50102,,,
1887,壊し屋,3345,992,1212,33,8,5,3064,0,120201,,,,,
1888,再起への一撃,6920,2062,2900,23,14,8,3064,0,125904,,60102,,,
1889,東方の退魔師ミチル,2916,1017,846,30,8,5,,0,110207,,,,,
1890,御巫ノ神女ミチル,7061,2265,2005,18,15,8,,0,110123,,30203,30703,,
1891,渚のマリーシアコライユ,2789,881,1005,27,8,5,,0,140401,,,,,
1892,騎士の正道,4874,2210,1515,23,13,7,1013,0,110114,,40901,,,
1893,不退転の覚悟フィネガン,5216,2030,1761,20,14,8,,0,124104,,40103,,,
1894,跳迅なる戦士,1579,715,489,35,5,1,1153,0,120101,,,,,
1895,暁国の将軍,5489,2524,1758,21,14,8,1153,0,110120,,41602,,,
1896,帝国軍総司令,1672,703,541,35,5,1,1154,0,110101,,,,,
1897,獅煌元帥,5815,2526,1961,19,15,8,1154,0,125604,,40104,30103,,
1898,ストレイドッグ,7570,2203,2419,23,14,8,3124,0,121004,,70402,,,
1899,豪放磊落,4965,1382,1774,29,11,6,3094,0,110210,,40201,,,
1900,深慮遠謀,4163,1453,1255,26,11,6,4109,0,121202,,10201,,,
1901,昼と夜の間,4013,1846,1282,27,11,6,1139,0,123002,,10801,,,
1902,解放軍の将,4185,1461,1248,26,11,6,4113,0,110716,,40301,,,
1903,沈黙の声,4034,1855,1275,27,11,6,1146,0,110313,,30101,,,
1904,浮雲の夢,4399,1310,1492,23,11,6,2111,0,121802,,30201,,,
1905,在りし日の歌,4055,1865,1268,27,11,6,1147,0,120602,,40101,,,
1906,未来への賛歌,4207,1468,1242,26,11,6,4114,0,140502,,10301,,,
1907,忠国の老騎士,4422,1316,1484,23,11,6,2120,0,123402,,10901,,,
1908,カボチャ仮面チヨ,2846,1263,897,31,8,5,,0,110302,,,,,
1909,無敵の天真爛漫チヨ,6176,2471,1866,21,14,8,,0,140304,,50302,,,
1910,ヴァンパイア,3203,897,948,27,8,5,2131,0,140401,,,,,
1911,永劫の魂,7472,2013,2619,15,15,8,2131,0,126302,,40304,60102,,
1912,恋する魔法少女,3156,990,1189,33,8,5,3122,0,110707,,,,,
1913,奇跡の魔女,6921,2290,2423,23,14,8,3122,0,127104,,42303,,,
1914,東方の流星,3021,1056,812,30,8,5,4131,0,120501,,,,,
1915,迦楼羅の姫,6967,2246,2274,18,15,8,4131,0,122602,,40204,40303,,
1916,闇の使役者,3310,885,997,27,8,5,2078,0,110107,,,,,
1917,みんなの後輩,3289,988,1206,33,8,5,3049,0,130201,,,,,
1918,真実の探求者エディ,4230,1476,1235,26,11,6,,0,110616,,40601,,,
1919,暴れん坊執事,5388,1698,1726,19,13,7,2130,0,127502,,40802,,,
1920,復活の撫々,5268,2342,2073,21,14,8,1077,0,120704,,30703,,,
1921,無辜の魂,5580,2628,1829,19,15,8,1170,0,150107,,40104,60102,,
1922,憧れの桜,2788,1275,873,31,8,5,1159,0,120102,,,,,
1923,剣斬桜吹雪,5846,2760,1897,19,15,8,1159,0,122803,,30104,40103,,
1924,白の療術師,2834,1046,812,30,8,5,4128,0,150101,,,,,
1925,献身の癒光,6241,2106,1696,20,14,8,4128,0,150106,,50202,,,
1926,闘婚盟蒼,6462,2776,2036,19,15,8,1062,0,124004,,40304,40803,,
1927,栄光の赤い薔薇,5902,2072,1651,20,14,8,4135,0,110317,,41203,,,
1928,不滅の黒い薔薇,4857,1856,1523,22,13,7,4135,0,140503,,40902,,,
1929,荒野の好々爺,2956,958,835,30,8,5,4015,0,110307,,,,,
1930,大魔法使い,5751,1932,1503,22,13,7,4015,0,123003,,20102,,,
1931,百万の流星,7249,2235,2084,18,15,8,4015,0,162603,,40204,60102,,
1932,猛特訓ベルトラン,5798,1529,2090,25,12,7,,0,127303,,40102,,,
1933,猛特訓ベルトラン,5418,1821,2297,25,13,7,,0,127303,,40102,,,
1934,勇猛なる武神ベルトラン,6913,2019,3168,23,14,8,,0,127305,,40103,,,
1935,野性の咆哮ベルトラン,7803,2171,3376,21,15,8,,0,127305,,40104,40803,,
1936,独立独行イヴリス,2821,1286,888,31,8,5,,0,128701,,,,,
1937,武器の女王,5965,1738,2179,25,13,7,3001,0,125903,,10302,,,
1938,天落の聖母,6371,2191,1895,18,15,8,4086,0,140405,,40903,40103,,
1939,文武兼備,1801,625,469,34,5,1,4134,0,110201,,,,,
1940,聖王の師,6612,2221,2131,18,15,8,4134,0,110223,,40304,41203,,
1941,最後の魔女,1724,617,459,34,5,1,4137,0,110801,,,,,
1942,原初と末裔,6353,2309,2215,18,15,8,4137,0,128704,,40204,40402,,
1943,悠久の絆,6385,2819,2235,19,15,8,1174,0,120604,,40104,30403,,
1944,オルタンシア王シャルロ,6249,3070,2220,19,15,8,,0,127004,,50803,41602,,
1945,ダーイラ皇帝,7793,2395,2700,18,15,8,4132,0,121207,,40804,40103,,
1946,不死者,6124,2575,2034,19,15,8,1177,0,120604,129105,40104,40103,,
1947,堕天使,6011,3028,2159,19,15,8,1172,0,120604,150204,42403,40103,,
1948,香り高き血統,6518,1892,2375,15,15,8,2132,0,110221,,40304,30203,,
1949,広がる夢ティナ,4445,1323,1476,23,11,6,,0,121802,,30201,,,
1950,双翼の絆,4798,2656,1520,23,13,7,1022,0,127203,,50101,,,
1951,膨らむ希望,6657,1905,2208,17,14,8,2054,0,140404,,30203,,,
1952,もこスティ,2849,1221,865,31,8,5,1175,0,110302,,,,,
1953,奇跡の聖剣士,5821,2451,2010,21,14,8,1175,0,110220,,42303,,,
1954,受け取りやがれ,3162,880,976,27,8,5,2133,0,121301,,,,,
1955,聖夜の流れ星,7251,2001,2602,15,15,8,2133,0,123504,,41603,40303,,
1956,ジングル・ボム,3297,971,1135,33,8,5,3127,0,120202,,,,,
1957,解放軍の天使,7634,2128,2651,23,14,8,3127,0,121004,,70402,,,
1958,笑わないサンタ,2912,967,845,30,8,5,4136,0,110207,,,,,
1959,聖なる解放者,6698,2165,2130,18,15,8,4136,0,161502,,41204,40803,,
1960,寡黙な傭兵,3184,1029,1116,33,8,5,3103,0,120202,,,,,
1961,不言の十字架,6913,2046,2816,23,14,8,3103,0,110122,,50102,,,
1962,教えてあげる,2978,934,867,30,8,5,4139,0,122301,,,,,
1963,運命の再会,6634,2201,2106,18,15,8,4139,0,126602,,40204,10203,,
1964,新年の誓いジム,6277,2856,2129,19,15,8,,0,123804,,40104,41701,,
1965,最高の初夢,8063,2213,3118,21,15,8,3128,0,125904,,20103,30403,,
1966,極秘浴衣任務エルザ,2794,1253,841,31,8,5,,0,110202,,,,,
1967,素顔のあたしシンシア,3298,905,946,27,8,5,,0,110606,,,,,
1968,イチかバチかモーリス,3412,965,1235,33,8,5,,0,140101,,,,,
1969,吐き気がするナタン,2937,956,850,30,8,5,,0,122301,,,,,
1970,黄昏の馬上槍,6558,1887,2184,17,14,8,2046,0,150107,,40803,,,
1971,MC用眼鏡ノエル,2686,1246,819,31,8,5,,0,110607,,,,,
1972,伝えたい想いノエル,6151,3096,2153,19,15,8,,0,125604,,40304,41602,,
1973,国営放送の良心,3116,935,1001,27,8,5,2134,0,120301,,,,,
1974,深めたい絆,7116,1992,2634,15,15,8,2134,0,110121,,40804,40303,,
1975,マッドドッグ,6543,2947,2070,19,15,8,1169,0,120604,,42403,40103,,
1976,悪魔,8184,2221,3231,21,15,8,3130,0,121004,110330,40903,40303,,
1977,安息と狂気,2645,1248,813,31,8,5,1158,0,110107,,,,,
1978,葛藤の狂戦士,6213,2795,2142,19,15,8,1158,0,123404,,30503,30103,,
1979,元王国騎士,3468,947,1059,33,8,5,3120,0,120102,,,,,
1980,鋼の益荒男,6476,2056,2876,23,14,8,3120,0,120404,,50302,,,
1981,愛と魔物の狩人エリック,5447,2514,2101,21,14,8,,0,120704,,41602,,,
1982,紫煙と仁慈,6299,2158,1864,18,15,8,4140,0,129702,,40104,40902,,
1983,隠秘の好々爺,6737,2152,2131,18,15,8,4141,0,110229,,40204,40103,,
1984,橄欖の髪飾りアーデルハイド,2946,918,974,27,8,5,,0,110303,,,,,
1985,着崩した理由フォルテ,2922,974,850,30,8,5,,0,122301,,,,,
1986,紫陽花の紋付ルーカン,2879,930,988,27,8,5,,0,121801,,,,,
1987,晴れ着のレディジャクリーン,2988,956,868,30,8,5,,0,110710,,,,,
1988,絆の双頭槍,5218,1634,1854,19,13,7,2060,0,110315,,40102,,,
1989,孤独な魂,5587,2578,2013,21,14,8,1079,0,110220,,50102,,,
1990,笑顔の看板娘ジゼル,3057,912,963,27,8,5,,0,110307,,,,,
1991,あふれる才能,6949,2039,2536,15,15,8,2137,0,110631,,40804,30103,,
1992,涙目の看板娘カノン,3248,1014,1146,33,8,5,,0,130201,,,,,
1993,たゆまぬ努力カノン,8746,2249,3355,21,15,8,,0,127305,,50803,60102,,
1994,見習い脱却,2913,948,879,30,8,5,4142,0,121101,,,,,
1995,想いの継承者,7032,2199,2266,18,15,8,4142,0,162603,,40304,41303,,
1996,邪眼毒蛇,6931,2250,2087,18,15,8,4143,0,123804,140305,42403,40203,,
1997,武魂再動,5880,1620,2100,25,12,7,3129,0,125903,,42502,,,
1998,武魂再動,5768,1964,2306,25,13,7,3129,0,125903,,42502,,,
1999,戦鬼の進攻,7348,2131,2959,23,14,8,3129,0,125904,,42503,,,
2000,蘇る紅武神,8342,2226,3185,21,15,8,3129,0,125904,,42504,30103,,
2001,雪山案内人,1598,716,549,35,5,1,1136,0,110301,,,,,
2002,深雪の良心,5643,2489,2130,21,14,8,1136,0,123304,,50202,,,
2003,根無し草再び,1748,543,581,31,5,1,2136,0,120201,,,,,
2004,彷徨の浮浪雲,6408,2141,2384,15,15,8,2136,0,120604,,40104,40303,,
2005,ブレない伊達男,3279,989,1103,33,8,5,3132,0,110607,,,,,
2006,颯爽たる氷鎚,9158,2158,3045,21,15,8,3132,0,128704,,40304,40803,,
2007,錨亭の癒し系,2981,1002,821,30,8,5,4144,0,140501,,,,,
2008,小さな救済者,7060,2214,2191,18,15,8,4144,0,123204,,40903,40203,,
2009,漢の正装,7834,2191,3051,21,15,8,3133,0,121004,,30104,40103,,
2010,狩りの時間,5306,2084,1861,22,13,7,4057,0,127902,,20102,,,
2011,生彩なる幼妻,6733,1879,2203,17,14,8,2128,0,123804,,50302,,,
2012,人狼,5998,2851,2173,19,15,8,1179,0,125905,110905,40403,40103,,
2013,無垢なる白ルナ,7227,2303,2223,18,15,8,,0,150403,,42803,40303,,
2014,未来への翼,6169,2820,2131,19,15,8,1090,0,120604,,40104,40402,,
2015,英雄を追う者,8603,2342,2884,21,15,8,3134,0,121004,,40104,30103,,
2016,気高き紅騎士,6227,2188,2121,18,15,8,4146,0,120404,,40204,41203,,
2017,黒部長でぃでぃえ,2059,529,624,37,5,1,,0,-3,,,,,
2018,忙中団子ありヴェロニク,3014,922,986,27,8,5,,0,125501,,,,,
2019,秋の宵月ギルバード,3198,1020,1110,33,8,5,,0,110104,,,,,
2020,月虹の癒しユリーカ,2998,989,955,30,8,5,,0,120601,,,,,
2021,知の攻防戦,5505,2062,1601,22,13,7,4017,0,128703,,40102,,,
2022,女王の愉悦,5631,2420,1989,21,14,8,1182,0,120604,,50102,,,
2023,赤火竜,7218,2000,2570,15,15,8,2141,0,120404,130604,40304,40103,,
2024,食いしん坊騎士,3267,1008,1187,33,8,5,3137,0,110107,,,,,
2025,食欲ビッグバン,7181,2036,2556,23,14,8,3137,0,140204,,50401,,,
2026,何でも屋見習い,3376,996,1234,33,7,5,3140,0,121001,,,,,
2027,色付きの未来,8168,2223,3218,21,15,8,3140,0,110228,,42504,60202,,
2028,薄桃色の季節,3012,953,894,30,8,5,4150,0,110707,,,,,
2029,桜花の恥じらい,6937,2252,2208,18,15,8,4150,0,128102,,40804,41602,,
2030,大切な相棒,8002,2157,3076,21,15,8,3141,0,110225,,40403,41203,,
2031,蒼の英雄,6704,1926,2439,15,15,8,2142,0,123404,,42403,40303,,
2032,ディアフレンドノンノリア,7504,2230,2309,18,15,8,,0,126702,,40304,50102,,
2033,夢先案内人ジャマル,5044,2293,1709,23,13,7,,0,120603,,50101,,,
2034,夢の旅人,7246,2093,2772,23,14,8,3142,0,140104,,50202,,,
2035,ラヴ＆ピース,7197,1993,2521,23,14,8,3138,0,110403,,50401,,,
2036,若き家政婦長,1816,618,486,34,5,1,4151,0,110801,,,,,
2037,素顔と夢現,6733,2194,2177,18,15,8,4151,0,124104,,41204,60202,,
2038,村一番の勇者,2029,572,711,37,5,1,3144,0,110201,,,,,
2039,危機一髪,6851,2128,2695,23,14,8,3144,0,120404,,30403,,,
2040,緑魔を屠る者,3348,938,1169,33,8,5,3143,0,110807,,,,,
2041,英雄の末裔,8178,2207,3229,21,15,8,3143,0,125604,,40204,50302,,
2042,戦乙女,7024,1996,2535,15,15,8,2135,0,123904,111005,50803,40103,,
2043,内なる闘志,4657,2142,1441,23,12,7,1184,0,120803,,40102,,,
2044,内なる闘志,5022,2528,1734,23,13,7,1184,0,120803,,40102,,,
2045,決意の瞳,5479,2736,2013,21,14,8,1184,0,120804,,40103,,,
2046,受け継がれし者,6102,3086,2204,19,15,8,1184,0,120804,,40104,50401,,
2047,私の中のボク,3168,925,954,27,8,5,2092,0,110708,,,,,
2048,月にはだける,3356,987,1207,33,8,5,3089,0,110611,,,,,
2049,願いの月色,3110,1123,788,30,8,5,4088,0,140501,,,,,
2050,脱皮からの変態,3004,910,997,27,8,5,2100,0,127001,,,,,
2051,悲しき黄金像,4833,2302,1698,23,13,7,1010,0,128703,,10402,,,
2052,金槌太陽ガールマガリー,6892,2327,2782,23,14,8,,0,110225,,41303,,,
2053,秀麗なる剣客,5122,2579,1924,21,14,8,1152,0,120604,,40803,,,
2054,夢の続きカルディナ,2966,902,979,27,8,5,,0,120202,,,,,
2055,六月の蒼い天使カルディナ,7210,1981,2549,15,15,8,,0,120604,,41603,40803,,
2056,ふたつの祖国メイリン,3465,996,1184,33,8,5,,0,110207,,,,,
2057,東方の紫陽花メイリン,8162,2224,3162,21,15,8,,0,121004,,40104,50202,,
2058,カジノアイドル,6974,2236,2195,18,15,8,4130,0,140504,,30404,30703,,
2059,群体神霊,7843,2415,2615,18,15,8,4153,0,121207,129805,40804,50102,,
2060,紫電一閃ヴォール,6397,2822,2234,19,15,8,,0,120404,,41702,40103,,
2061,料理人見習い,1614,754,499,35,5,1,1162,0,110701,,,,,
2062,シェフへの道,5527,2604,2063,21,14,8,1162,0,110220,,70402,,,
2063,新鋭の部隊長,1813,538,601,31,5,1,2145,0,110602,,,,,
2064,遠き日の憧憬,6924,1945,2553,15,15,8,2145,0,140404,,42403,60102,,
2065,渚の力持ち,3343,1023,1219,33,8,5,3145,0,120601,,,,,
2066,肌色夏天使,8263,2192,3559,21,15,8,3145,0,125704,,42504,41701,,
2067,真夏の装い,2895,945,851,30,8,5,4152,0,140501,,,,,
2068,渚のマゴニア娘,6869,2239,2230,18,15,8,4152,0,110129,,20103,41203,,
2069,波打ち際の女神,7378,1978,2723,15,15,8,2146,0,121215,,40104,50302,,
2070,森奇独創,5964,2049,1752,20,14,8,4108,0,123904,,41303,,,
2071,楽園への誘い,2471,1274,823,31,8,5,1185,0,110207,,,,,
2072,蒼穹の旗手,6359,2852,2274,19,15,8,1185,0,110321,,40804,50202,,
2073,夏のお嬢さん,2948,897,1041,27,8,5,2143,0,140401,,,,,
2074,サマーアタック,7196,1930,2827,15,15,8,2143,0,122102,,42604,40803,,
2075,一騎士二鷹,2794,1288,824,31,8,5,1176,0,125501,,,,,
2076,笑顔爛漫,3387,956,1254,33,8,5,3128,0,128601,,,,,
2077,突進の女騎士,2859,1260,833,31,8,5,1145,0,120801,,,,,
2078,頑強な守り人,3126,859,1094,27,8,5,2119,0,140401,,,,,
2079,遠い日の朝顔シルヴィ,3010,869,998,27,8,5,,0,121301,,,,,
2080,林檎色の思い出シルヴィ,7024,1959,2708,15,15,8,,0,110127,,40104,50302,,
2081,笑顔の贈り物ラウジー,3274,988,1167,33,8,5,,0,120601,,,,,
2082,月下の恋義賊,8486,2253,3308,21,15,8,3147,0,127305,,42304,40303,,
2083,戦うおひとり様,6220,1903,2222,25,13,7,3008,0,120803,,30102,,,
2084,ノエりゅんノエル,2866,1296,810,31,8,5,,0,110302,,,,,
2085,炎の斧使い,3224,901,1286,33,8,5,3111,0,110711,,,,,
2086,氷の槍使い,3250,843,964,27,8,5,2117,0,120301,,,,,
2087,優雅なる一時,6091,1954,2297,25,13,7,3006,0,121003,,20102,,,
2088,魅惑の旋律,6371,2143,2137,18,15,8,4138,0,123404,,30704,40103,,
2089,腕利き取引人,1643,735,506,35,5,1,1187,0,110801,,,,,
2090,幸福の黄金像,5617,2623,1985,21,14,8,1187,0,120404,,42303,,,
2091,無垢なる紫陽花,1809,604,492,34,5,1,4147,0,120201,,,,,
2092,蒼の巫女,6949,2228,2129,18,15,8,4147,0,150106,,40304,42402,,
2093,時を越える願い,6626,1830,2234,17,0,8,2138,0,121205,,20201,,,
2094,納涼恋模様,6118,2791,2417,19,15,8,1188,0,125804,,42803,41303,,
2095,最後の女騎士,2846,905,943,27,8,5,2148,0,130201,,,,,
2096,転生の守護者,6913,2206,2616,15,15,8,2148,0,120404,,40903,40803,,
2097,覚悟を胸に,5239,1560,1633,19,12,7,2149,0,120603,,40802,,,
2098,覚悟を胸に,5618,1647,1706,19,13,7,2149,0,120603,,40802,,,
2099,赤き大志を胸に,6718,1861,2267,17,14,8,2149,0,121205,,40803,,,
2100,光差す未来へ,7355,1998,2653,15,15,8,2149,0,121205,,40804,42503,,
2101,奇跡の言霊,6280,1825,2649,15,15,8,2005,0,120404,,40104,30203,,
2102,黒衣の剣士,1667,749,498,35,5,1,1183,0,110101,,,,,
2103,跳迅なる勇者,6217,2847,2119,19,15,8,1183,0,120604,,42504,30103,,
2104,明朗な弓使い,1813,615,648,34,5,1,4154,0,110604,,,,,
2105,疾走の射手,6960,2246,2213,18,15,8,4154,0,110224,,40304,41602,,
2106,南海の彷徨姫,7040,1987,2557,15,15,8,2129,0,123804,,50803,41303,,
2107,見習い卒業？,2884,1249,849,31,8,5,1189,0,110707,,,,,
2108,肌色最終兵器,6601,2831,2359,19,15,8,1189,0,120404,,40903,50102,,
2109,努力する理由,2895,950,803,30,8,5,4156,0,110107,,,,,
2110,恋の一網打尽,7129,2289,2142,18,15,8,4156,0,122602,,31004,41203,,
2111,元気モリモリ,2873,1013,822,30,8,5,4155,0,150101,,,,,
2112,僕らの一等賞,7511,2131,2193,18,15,8,4155,0,110325,,42604,20102,,
2113,死を呼ぶ狂刃,6087,2789,2103,19,15,8,1009,0,122803,,40104,30203,,
2114,あきらめない！,8262,2243,3232,21,15,8,3148,0,161901,,42504,70402,,
2115,宝をこの手に！,6217,1867,2146,17,14,8,2066,0,110221,,70402,,,
2116,人情剣客,2748,1297,893,31,8,5,1076,0,120202,,,,,
2117,仁義の一振り,6131,2818,2215,19,15,8,1076,0,123304,,40104,30703,,
2118,溢れる騎士力,3153,1005,1181,33,8,5,3114,0,140101,,,,,
2119,曲げぬ騎士道,7676,2185,3224,21,15,8,3114,0,110225,,30404,30103,,
2120,貴族を狩る者,8088,2213,3179,21,15,8,3022,0,121004,,40204,60102,,
2121,誠実な小悪魔,2676,1254,766,31,8,5,1192,0,120601,,,,,
2122,今夜は攻めて,6460,2848,2259,19,15,8,1192,0,123804,,40104,70402,,
2123,箱出し娘,3359,988,1184,33,8,5,3149,0,120102,,,,,
2124,コイスルミイラ,8250,2264,3241,21,15,8,3149,0,127305,,42304,30403,,
2125,愛を説く南瓜,6617,2159,2226,18,15,8,4158,0,110229,,41204,40203,,
2126,黒猫艶やかに,7045,2007,2591,15,15,8,2152,0,126302,,40804,50102,,
2127,山岳の若長,2100,554,698,37,5,1,3135,0,110201,,,,,
2128,朋友護りし牙,7433,2209,3194,21,15,8,3135,0,120404,,50803,30103,,
2129,まきばの元気印,1802,549,575,31,5,1,2155,0,110602,,,,,
2130,笑顔の休息,7004,1922,2606,15,15,8,2155,0,140404,,40204,40803,,
2131,神速の大斧スティアン,8285,2271,3169,21,15,8,,0,121004,,42604,50302,,
2132,温泉準備万端ヴェロニク,2936,889,1019,27,8,5,,0,110207,,,,,
2133,神速の卓球娘ヴェロニク,7362,2029,2648,15,15,8,,0,122102,,20103,40803,,
2134,いざ温泉へカオル,2874,965,903,30,8,5,,0,150101,,,,,
2135,湯に咲く一花カオル,7284,2304,2247,18,15,8,,0,123204,,41702,50401,,
2136,王の夏休み,6377,2798,2185,19,15,8,1186,0,110225,,40104,40303,,
2137,紅く染まる肌,6463,2824,2383,19,15,8,1193,0,125804,,40804,70402,,
2138,バカンスの若様,3008,896,1057,27,8,5,2154,0,110706,,,,,
2139,海神が如く,7579,1890,2636,15,15,8,2154,0,110631,,41603,70402,,
2140,自称温泉探偵,3271,952,1218,33,8,5,3151,0,120901,,,,,
2141,至極のひととき,8643,2091,3404,21,15,8,3151,0,125904,,42304,40103,,
2142,束の間の休息,2970,997,906,30,8,5,4161,0,140501,,,,,
2143,カットマン,7161,2284,2387,18,15,8,4161,0,125604,,40804,40803,,
2144,金を纏うお嬢,3226,957,1145,33,8,5,3152,0,110707,,,,,
2145,富貴栄華,8697,2286,3319,21,15,8,3152,0,120604,,42604,50102,,
2146,漂流の廃王子,1588,729,501,35,5,1,1181,0,110603,,,,,
2147,栄華を我が手に,6406,2820,2162,19,15,8,1181,0,120604,,40903,40203,,
2148,幼心の逃亡者,1785,623,633,34,5,1,4157,0,110201,,,,,
2149,清き一輪の誓い,6928,2164,2154,18,15,8,4157,0,123804,,40304,50502,,
2150,畏怖されし教皇,5624,2013,1713,22,13,7,4162,0,140503,,40102,,,
2151,聖なる加護の下,6089,2146,1834,20,14,8,4162,0,140504,,40103,,,
2152,聖なる加護の下,7206,2219,2245,18,15,8,4162,0,140504,-4,40104,40203,,
2153,隠された顔,6834,2265,2016,16,16,8,4162,0,140505,-4,40105,40204,100001,
2154,隠秘の魔術師,6844,2244,2176,18,15,8,4149,0,129702,,40304,20102,,
2155,従者サンタ,2719,1286,886,31,8,5,1197,0,120102,,,,,
2156,夢運ぶ聖天使,6142,2718,2216,17,16,8,1197,0,110132,,40105,40403,100002,
2157,奇跡のサンタ,3360,1004,1145,33,8,5,3153,0,120901,,,,,
2158,笑顔の配達人,9016,2314,3437,21,15,8,3153,0,121004,,40903,70402,,
2159,お手伝いサンタ,3000,932,814,30,8,5,4165,0,150101,,,,,
2160,雪夜のギフト,7349,2307,2349,18,15,8,4165,0,122602,,41603,50302,,
2161,メロウな聖夜,7704,2141,2398,13,16,8,2156,0,120606,163502,40305,40104,100003,
2163,吠えよ人狼社長,6049,2862,1936,19,15,8,1198,0,125905,,42504,30703,,
2164,闇少女の追走,5536,1712,1698,17,14,7,2110,0,140404,,40103,,100004,
2165,ボコ・バースト,7071,2097,2737,13,16,8,2157,0,120406,,40205,42604,100005,
2166,デコ・バースト,7280,2312,2219,18,15,8,4166,0,110129,,50103,40803,,
2167,じゃじゃ馬剣客,2693,1266,817,31,8,5,1164,0,110607,,,,,
2168,型破りの一刀,6341,2813,2218,19,15,8,1164,0,123504,,40304,41303,,
2169,未来を守る者,3231,933,1140,33,8,5,3121,0,110807,,,,,
2170,慈悲の大盾,8153,2226,3224,21,15,8,3121,0,123304,,30704,40103,,
2171,兎の女神,6040,1849,1776,20,14,7,4167,0,150106,,41303,,100006,
2172,過去を着込んで,6048,2777,2096,17,16,8,1191,0,120805,,40205,42803,100007,
2173,愚直な銀等級,2754,1248,863,31,8,5,1194,0,110302,,,,,
2174,辺境最優,5884,2859,2041,17,16,8,1194,0,120606,122203,40105,42304,100010,
2175,小鬼を殺す者,6375,2817,2286,19,15,8,1194,0,120604,,40104,40303,,
2176,地母神の信徒,2871,1012,868,30,8,5,4163,0,150101,,,,,
2177,慈愛の導き手,6946,2342,1807,16,16,8,4163,0,150405,,41305,40304,100011,
2178,上森人の野伏妖精弓手,2951,935,901,30,8,5,,0,120501,,,,,
2179,夢見る妖精妖精弓手,6801,2301,2059,16,16,8,,0,-2,,40205,20103,100008,
2180,精霊の友鉱人道士,3376,947,1143,33,8,5,,0,120901,,,,,
2181,飄々たる酒仙鉱人道士,8866,2289,3296,21,15,8,,0,121004,,50303,42603,,
2182,竜を目指す僧,2746,1299,810,31,8,5,1195,0,120401,,,,,
2183,恐るべき竜の末裔,5708,2884,2050,17,16,8,1195,0,123905,,40105,41204,100009,
2184,スイートな獣,2711,1262,845,31,8,5,1199,0,120102,,,,,
2185,とろける愛を,5407,2439,1497,21,14,7,1199,0,120604,,10203,,100012,
2186,乙女の葛藤,2916,869,1070,27,8,5,2158,0,121301,,,,,
2187,縮めたい距離,7273,2044,2665,13,16,8,2158,0,110824,,40305,41204,100013,
2188,将来のあなたへ,3429,939,1232,33,8,5,3155,0,110107,,,,,
2189,大切なあなたへ,8527,2309,3082,19,16,8,3155,0,121005,,40105,31004,100014,
2190,騒ぎ始める心,2949,1049,831,30,8,5,4168,0,121101,,,,,
2191,想いも添えて,7207,2321,2330,18,15,8,4168,0,122602,,50303,40803,,
2192,甘誘の眼差し,7367,2292,2131,16,16,8,4169,0,161503,,40805,40304,100015,
2193,白き王太子,1719,541,619,31,5,1,2139,0,110702,,,,,
2194,昏き淵への誘い,6876,1995,2574,13,16,8,2139,0,123405,,30105,40104,100018,
2195,超越従者,2018,533,704,37,5,1,3136,0,110101,,,,,
2196,永遠のふたり,8281,2286,2839,19,16,8,3136,0,123905,,40205,41204,100019,
2197,藤色の王子,2609,1224,902,31,8,5,1200,0,110202,,,,,
2198,等身大の愛情,5219,2356,1745,21,14,7,1200,0,110120,,42503,,100016,
2199,カフェを彩る華,2964,886,1028,27,8,5,2159,0,120102,,,,,
2200,賭け値なしの愛,7262,2005,2668,15,15,8,2159,0,121215,,50103,42603,,
2201,看板娘再び,3249,987,1164,33,8,5,3156,0,120301,,,,,
2202,可憐なる勝負師,8531,2282,3429,19,16,8,3156,0,121005,,43105,40104,100022,
2203,商機到来,2903,1007,849,30,8,5,4170,0,121101,,,,,
2204,賽にまかせて,7381,2408,1864,16,16,8,4170,0,122603,,41205,40804,100021,
2205,怨讐の炎,5637,1735,1528,17,14,7,2073,0,120404,,41602,,100024,
2206,信じる心は強く,7187,2092,2741,13,16,8,2160,0,122103,,40904,40304,100025,
2207,スイーツ魔術士コントゥール,6672,2286,1830,16,16,8,,0,123705,,40105,30104,100023,
2208,勇み立つ旗手,5742,2753,1990,17,16,8,1201,0,123505,,40105,30204,100017,
2209,緑の守護者,6468,1857,2162,23,14,7,3076,0,121004,,41701,,100020,
2210,孤狼の休息,2765,1124,959,31,8,5,1202,0,120401,,,,,
2211,紅色の決意,6279,2735,2084,17,16,8,1202,0,128706,,40105,31004,100026,
2212,猛牛コーデ,3237,959,1179,33,8,5,3157,0,110304,,,,,
2213,紅牛の腕試し,6819,1784,2198,23,14,7,3157,0,125904,,40803,,100028,
2214,悠々たる策略家,2942,1005,862,30,8,5,4171,0,122301,,,,,
2215,才女の休日,7638,2367,2149,16,16,8,4171,0,128103,,40305,40804,100027,
2216,清爽たる英傑,1791,531,625,31,5,1,2140,0,120201,,,,,
2217,認められし魂,6881,1999,2614,13,16,8,2140,0,123605,,30105,41204,100029,
2218,添い遂げる者,1753,630,614,34,5,1,4148,0,110201,,,,,
2219,深愛なる慈母,6620,2245,2067,16,16,8,4148,0,150108,,40205,42304,100030,
2220,マゴニア捨て人,3450,943,1174,33,8,5,3158,0,120401,,,,,
2221,芸術の始祖,8352,2370,3438,19,16,8,3158,0,120406,,41305,40304,100031,
2222,疾風の如く,5238,2356,1649,23,13,7,1203,0,123803,,42502,,,
2223,折れぬ魂,5800,2659,1930,21,14,8,1203,2,123804,,42503,,,
2224,折れぬ魂,6394,2819,2299,19,15,8,1203,2,123804,110331,42504,40103,,
2225,業火の一閃,6090,2834,1958,17,16,8,1203,0,123805,110331,42505,40104,100032,
2226,瑠璃色の晴れ姿,2699,1202,941,31,8,5,1204,0,110302,,,,,
2227,舞い踊る蒼き花,5111,2291,1898,21,14,7,1204,0,120404,,40204,,100035,
2228,高潔な舞人,2899,900,1015,27,8,5,2161,0,110706,,,,,
2229,共にワルツを,7570,2041,2467,13,16,8,2161,0,126203,,40805,40204,100033,
2230,真紅の眼差し,2931,1041,845,30,8,5,4172,0,110207,,,,,
2231,変わらぬ平穏,7400,2455,2134,16,16,8,4172,0,128003,,41704,42504,100034,
2232,泡沫の記憶,5880,2755,1957,17,16,8,1205,0,120606,,40305,40403,100036,
2233,円舞の魔法使い,7111,2334,1936,16,16,8,4173,0,150404,,42605,40304,100038,
2234,死の商人,5553,1992,1680,20,14,7,4174,0,128704,,41203,,100037,
2235,孤高の女傭兵,2741,1209,960,31,8,5,1206,0,120601,,,,,
2236,鋭き眼光,5925,2868,2126,17,16,8,1206,0,123305,,40105,20103,100040,
2237,前を歩む者,3500,940,1200,33,8,5,3160,0,120202,,,,,
2238,果断の賢主,8751,2379,3079,19,16,8,3160,0,125704,,40105,40804,100041,
2239,快活なる兄貴肌,2925,1030,859,30,8,5,4175,0,120501,,,,,
2240,剛毅なる一矢,5382,2009,1674,20,14,7,4175,0,110129,,40304,,100042,
2241,薄幸の少女剣士,5588,1616,1821,17,14,7,2162,0,120604,,40104,,100045,
2242,原初の守護者,7714,2090,2612,13,16,8,2163,0,161003,,41604,41304,100046,
2243,健康第一！,2755,1198,962,31,8,5,1209,0,110102,,,,,
2244,医療の探求者,5436,2423,1599,21,14,7,1209,0,110126,,42603,,100050,
2245,闊達の女丈夫,3475,930,1235,33,8,5,3163,0,120301,,,,,
2246,従にして主,8661,2363,3449,19,16,8,3163,0,127307,,41704,60203,100049,
2247,秘めし慕情,2934,1051,829,30,8,5,4181,0,110205,,,,,
2248,安寧の淑女,7379,2379,2037,16,16,8,4181,0,150111,,43305,42604,100048,
2249,歪なる謀将,1719,538,625,31,5,1,2164,0,110702,,,,,
2250,忍び寄る蝕,7008,2002,2613,13,16,8,2164,0,123805,,41205,40403,100043,
2251,天上の猛将,2029,555,700,37,5,1,3150,0,110201,,,,,
2252,至強を求めて,8137,2283,3189,19,16,8,3150,0,110134,,40205,40204,100044,
2253,未知への冒険者,5528,1713,1702,17,14,7,2165,0,120404,,41303,,100047,
2254,小さな指揮官,5532,1950,1766,20,14,7,4118,0,120604,,40304,,100069,
2255,微笑みは特効薬,8600,2434,3048,19,16,8,3161,0,126905,,42505,31004,100053,
2256,私の天職,7387,2331,2069,16,16,8,4176,0,150504,,40904,43504,100052,
2257,深き森の闘神,6491,1740,2218,23,14,7,3164,0,121004,,40104,,100051,
2258,尖鋭の気風,1546,700,564,35,5,1,1190,0,110201,,,,,
2259,傲然たる視座,5865,2761,1953,17,16,8,1190,0,110132,,40205,30104,100054,
2260,花と語る少女,1781,614,600,34,5,1,4177,0,110101,,,,,
2261,希望の花,6943,2254,1986,16,16,8,4177,0,123305,,40105,30404,100055,
2262,忠義の家系,2690,1280,845,31,8,5,1207,0,120601,,,,,
2263,月下忠臣,6110,2885,1850,17,16,8,1207,0,120606,,41704,50103,100082,
2264,大望の蒼炎,5100,2324,1635,23,13,7,1210,0,123903,,40102,,,
2265,紅蓮の心奥,5825,2630,1919,21,14,8,1210,0,123904,,40103,,,
2266,紅蓮の心奥,6480,2810,2270,19,15,8,1210,0,123904,,40104,42802,,
2267,雄志燃やして,6129,2818,1927,17,16,8,1210,0,123905,,40105,42803,100039,
2268,バカンス女騎士,2760,1260,862,31,8,5,1208,0,120401,,,,,
2269,鎧からの開放,5057,2415,1731,21,14,7,1208,0,123604,,42503,,100059,
2270,夏の思い出,2930,890,1005,27,8,5,2166,0,110203,,,,,
2271,渚の覇者,7138,2019,2641,13,16,8,2166,0,140406,,41305,43104,100056,
2272,攻める夏乙女,3495,942,1230,33,8,5,3162,0,120601,,,,,
2273,無邪気な水飛沫,8510,2236,3441,19,16,8,3162,0,124006,,40805,42604,100057,
2274,夢運ぶお日様娘,2935,1033,852,30,8,5,4178,0,110106,,,,,
2275,夏色夢見心地,7490,2369,2311,16,16,8,4178,0,128103,,40305,50203,100058,
2276,恋待つ日向,7612,1929,3007,13,16,8,2167,0,127803,,42804,40903,100062,
2277,茜色のダンディ,8357,2278,3202,19,16,8,3165,0,123705,,40205,40104,100061,
2278,恋の駆け引き,6995,2188,2141,16,16,8,4180,0,128605,,43105,30104,100060,
2279,闇の命造者,1697,547,623,31,5,1,2169,0,110101,,,,,
2280,禁忌への希求,6929,1917,2986,13,16,8,2169,0,123205,,40105,30104,100063,
2281,定めを辿る者,1805,600,550,34,5,1,4182,0,110201,,,,,
2282,視界の先に,6990,2234,1977,16,16,8,4182,0,110135,,41205,30404,100064,
2283,海辺の救急係,2757,1230,912,31,8,5,1211,0,120401,,,,,
2284,憩いの処方箋,6590,2799,2240,17,16,8,1211,0,127205,,43405,42604,100065,
2285,紅の夏娘,2915,879,1023,27,8,5,2170,0,110203,,,,,
2286,恋のからさわぎ,7229,2051,3000,13,16,8,2170,0,161003,,40105,50303,100066,
2287,爽快暴走娘,3445,982,1180,33,8,5,3166,0,110104,,,,,
2288,炎天下の微笑み,6465,1885,2051,23,14,7,3166,0,110122,,40204,,100068,
2289,海辺に花咲く,2945,1000,856,30,8,5,4183,0,120601,,,,,
2290,陽光と慈愛と,7620,2280,2200,16,16,8,4183,0,126603,,43305,41603,100067,
2291,潮風の麗女,7508,2339,2310,16,16,8,4184,0,126005,,40805,50303,100070,
2292,純真の好奇心,5610,1704,1728,17,14,7,2168,0,120404,,41303,,100071,
2293,強かに穏やかに,2747,1280,840,31,8,5,1212,0,120401,,,,,
2294,逸品を求めて,6045,2946,2127,17,16,8,1212,0,126905,,42505,42304,100072,
2295,皆の兄貴分,3480,920,1195,33,8,5,3167,0,110204,,,,,
2296,大人を夢見て,8507,2324,3464,19,16,8,3167,0,127307,,50204,20103,100073,
2297,隊商のお手伝い,2953,1020,836,30,8,5,4185,0,121101,,,,,
2298,挫けず前へ,5468,1883,1792,20,14,7,4185,0,120604,,40104,,100074,
2299,不精な凶刃,1551,750,505,35,5,1,1213,0,110101,,,,,
2300,翻弄される命,6075,2861,1827,17,16,8,1213,0,123405,,40105,40403,100075,
2301,村を背負う旅人,6485,1780,2232,23,14,7,3169,0,120804,,40204,,100076,
2302,寡黙なボケ担当,2718,1290,830,31,8,5,1214,0,120601,,,,,
2303,笑顔が欲しくて,6105,3092,1867,17,16,8,1214,0,125606,,43105,43504,100077,
2304,粗忽の傭兵,2940,849,1035,27,8,5,2171,0,110103,,,,,
2305,速撃のトーク,7596,1999,2736,13,16,8,2171,0,110824,,50104,50203,100078,
2306,可憐な海人,3380,978,1185,33,8,5,3170,0,120401,,,,,
2307,碧の異邦人,8558,2384,3113,19,16,8,3170,0,161902,,40904,42803,100079,
2308,聡明なる旅人,5501,1859,1824,20,14,7,4179,0,120604,,40104,,100080,
2309,努力の強がり,7441,2100,2770,13,16,8,2172,0,126204,,42605,43304,100081,
2310,神謀の宰相,5780,2052,1832,22,13,7,4159,0,123203,,50201,,,
2311,漆黒の領袖,6254,2185,1953,20,14,8,4159,0,123204,,50202,,,
2312,漆黒の領袖,7445,2280,2398,18,15,8,4159,0,123204,,50203,50302,,
2313,悪夢に笑う者,7290,2245,2293,16,16,8,4159,0,123205,129905,50204,50303,100083,
2314,夏の余韻,2725,1245,865,31,8,5,1215,0,110202,,,,,
2315,襟元を整えて,6378,2892,1947,17,16,8,1215,0,127006,,42804,42604,100084,
2316,縁日王子,2950,830,1045,27,8,5,2173,0,120601,,,,,
2317,風情の学び,7355,1914,2780,13,16,8,2173,0,140505,,50304,40804,100085,
2318,納涼海賊娘,3370,988,1170,33,8,5,3171,0,120202,,,,,
2319,胸躍る祭囃子,6300,1945,2257,23,14,7,3171,0,110222,,40304,,100086,
2320,孤高の監視者,1600,720,509,35,5,1,1216,0,120201,,,,,
2321,友と共に強く,6103,2792,1900,17,16,8,1216,0,123505,,41205,40204,100087,
2322,うたかたの平穏,5288,2309,1877,21,14,7,1217,0,120804,,40304,,100089,
2323,悪魔,7538,2069,2705,13,16,8,2174,0,127803,110332,40904,43203,100088,
2324,家族守る柱,2890,836,1056,27,8,5,2175,0,110203,,,,,
2325,頼れる姉,5540,1809,1589,17,14,7,2175,0,120604,,42503,,100092,
2326,霊媒少女,3375,1000,1160,33,8,5,3172,0,120202,,,,,
2327,見者の休息,8444,2400,3214,19,16,8,3172,0,125505,,50104,43504,100090,
2328,気ままな狩人,2968,995,846,30,8,5,4187,0,110105,,,,,
2329,奔放な小悪魔,7593,2324,2187,16,16,8,4187,0,161503,,41604,42803,100091,
2330,造られし騎士,1700,555,630,31,5,1,2150,0,110201,,,,,
2331,秘められし顔,6910,2035,2680,13,16,8,2150,0,110133,,40205,42304,100093,
2332,妖女嬌艶,1783,620,610,34,5,1,4188,0,120201,,,,,
2333,謎めくは過日,6600,2324,1988,16,16,8,4188,0,123605,,40105,50203,100094,
2334,人狼,8760,2430,3006,19,16,8,3168,0,123905,110906,40305,30104,100095,
2335,湯あがり賢王,2695,1295,825,31,8,5,1218,0,120401,,,,,
2336,癒しのひと風呂,5255,2370,1776,21,14,7,1218,0,110220,,40204,,100098,
2337,湯けむり護衛,2910,840,1010,27,8,5,2176,0,120202,,,,,
2338,共に一献,7625,2127,2340,13,16,8,2176,0,125704,,42505,41703,100096,
2339,仲居修業中！,2930,1025,860,30,8,5,4189,0,110205,,,,,
2340,もてなしの心,7138,2375,2278,16,16,8,4189,0,122603,,41305,43104,100097,
2341,兄想いの妹,5560,1700,1777,17,14,7,2177,0,140404,,40304,,100099,
2342,赤火竜,7655,2318,2202,16,16,8,4190,0,127405,130605,43405,40903,100100,
2343,工作得意女子,2645,1255,866,31,8,5,1219,0,110202,,,,,
2344,友想う匠,6408,3073,1700,17,16,8,1219,0,125705,,43505,43304,100101,
2345,自由求む少女,3465,950,1140,33,8,5,3173,0,120601,,,,,
2346,虫愛でる溌剌娘,8761,2336,3305,19,16,8,3173,0,125606,,42305,42103,100102,
2347,大胆に憶病に,2900,1015,870,30,8,5,4191,0,120401,,,,,
2348,森を知る弓取り,5550,1990,1610,20,14,7,4191,0,110123,,40204,,100103,
2349,堕天使,5925,2946,2004,17,16,8,1220,0,123905,150112,41704,40104,100104,
2350,神穿つ槍,1760,530,640,31,5,1,2178,0,120201,,,,,
2351,群体神霊,7260,1958,2777,13,16,8,2178,0,123805,129807,40305,41204,100105,
2352,汚れなき魂,1813,595,635,34,5,1,4186,0,110201,,,,,
2353,邪眼毒蛇,6985,2287,2217,16,16,8,4186,0,110135,150506,40404,40104,100106,
2354,流星の再来,7222,1983,2673,13,16,8,2182,0,123405,,40205,41204,100107,
2355,解き放たれた光,7045,2245,2075,16,16,8,4192,0,123205,,42505,40403,100108,
2356,不死者,5983,3060,2029,17,16,8,1221,0,125805,111105,40805,40903,100109,
2357,赤火竜,7292,2096,2855,13,16,8,2179,0,161003,111206,41604,43203,100110,
2358,戦乙女,8716,2314,3459,19,16,8,3174,0,140406,111006,42605,42203,100111,
2359,偽神,7107,2384,2278,16,16,8,4193,0,126005,129906,42804,41304,100112,
2360,大胆ウィンター,2685,1220,896,31,8,5,1222,0,120401,,,,,
2361,雪遊びは1人前,6028,3034,2065,17,16,8,1222,0,127205,,41305,43603,100113,
2362,おもちゃの兵隊,2954,835,1105,27,8,5,2180,0,110103,,,,,
2363,優しい贈り物,7471,2089,2733,13,16,8,2180,0,127604,,43405,43504,100114,
2364,赤衣の献身人,2954,1005,847,30,8,5,4194,0,110205,,,,,
2365,祝福を届けに,7668,2369,2126,16,16,8,4194,0,126603,,43305,70403,100115,
2366,幸贈るトナカイカノン,9057,2446,3437,19,16,8,,0,162001,,44204,40804,100116,
2367,聖なる使者？,6651,1792,2075,23,14,7,3176,0,121004,,40304,,100117,
2368,白き夜明け,7016,2011,2718,13,16,8,2181,0,126204,,40806,41304,100118,
2369,振り袖看板娘,6834,2430,1990,16,16,8,4195,0,127405,,44304,41603,100119,
2370,救国の剣,5955,2864,2041,17,16,8,1224,0,120406,,40305,42103,100120,
2371,信義の一矢,6991,2339,1990,16,16,8,4090,0,127404,,40904,42203,100121,
2372,伝説健在,2720,1210,930,31,8,5,1223,0,120401,,,,,
2373,裂帛の剣気,6104,2810,2211,17,16,8,1223,0,140505,,42605,43304,100122,
2374,翠の女傑,2985,840,1050,27,8,5,2183,0,120202,,,,,
2375,清廉なる後継者,7669,2084,2536,13,16,8,2183,0,128706,,42205,43404,100123,
2376,憧憬の若騎士,3435,1005,1130,33,8,5,3177,0,120601,,,,,
2377,遠き背を追う者,6620,1930,2185,23,14,7,3177,0,120804,,42503,,100124,
2378,義侠なる名射手,5480,1960,1639,20,14,7,4197,0,110123,,40403,,100125,
2379,天然実直メイド,7106,2292,2193,16,16,8,4081,0,126701,,43305,43504,100126,
2380,不滅の老将,7547,2067,2825,13,16,8,2184,0,125707,,40905,42701,100127,
2381,流転の鋭鋒,7918,1929,2555,13,16,8,2082,0,121215,,42105,42803,100128,
2382,慧眼の先に,6174,3080,1723,17,16,8,1225,0,127006,,41704,20103,100129,
2383,風来の三枚目,7334,1938,2760,13,16,8,2186,0,125705,,41205,43104,100130,
2384,真心の献身,7213,2372,2180,16,16,8,4199,0,128103,,42305,43304,100131,
2385,先駆する斧刃,8626,2344,3250,19,16,8,3081,0,121005,,42505,40403,100132,
2386,ミニマム勇者,2770,1190,864,31,8,5,1226,0,120801,,,,,
2387,偉大なケモノ道,6132,2870,1884,17,16,8,1226,0,120805,,42105,43203,100133,
2388,闇からの誘い,5120,2346,1580,23,13,7,1227,0,123303,,41302,,,
2389,虚妄断つべし,5845,2654,1863,21,14,8,1227,0,123304,,41303,,,
2390,虚妄断つべし,6500,2842,2200,19,15,8,1227,0,123304,,41304,43503,,
2391,真贋照らす光,6071,2810,2141,17,16,8,1227,0,123305,,41305,43504,100134,
2392,磨けば光る,2730,1283,836,31,8,5,1228,0,120401,,,,,
2393,華麗なる飛翔,5148,2460,1762,21,14,7,1228,0,120404,,41602,,100137,
2394,愛の守護者,2955,825,1110,27,8,5,2187,0,120601,,,,,
2395,感謝のキモチ,7350,2038,2886,13,16,8,2187,0,127106,,43405,44203,100135,
2396,想い溶かして,3492,956,1190,33,8,5,3179,0,120202,,,,,
2397,恋成就のレシピ,8807,2372,3280,19,16,8,3179,0,161902,,41705,42504,100136,
2398,朱の道を歩む,7446,2059,2309,13,16,8,2093,0,122103,,42205,43104,100138,
2399,総団長代理！,9137,2339,3694,19,16,8,3180,0,125908,,42606,43404,100139,
2400,光への航路,9419,2264,2932,19,16,8,3021,0,126905,,41704,42304,100140,
2401,知と暴の融合,6565,1930,2010,23,14,7,3181,0,125504,,42103,,100141,
2402,和睦への歩み,5497,1959,1701,20,14,7,4200,0,128503,,40403,,100144,
2403,歓喜を導く槍,8159,1997,2207,13,16,8,2083,0,120606,,43105,42604,100145,
2404,清澄に舞う,6668,2671,1829,17,16,8,1082,0,150108,,41305,40304,100146,
2405,高潔な美丈夫,2970,800,1150,27,8,5,2190,0,120601,,,,,
2406,曇りなき瞳,5520,1633,1781,17,14,7,2190,0,127602,,42203,,100149,
2407,グッドルッキング,3372,1005,1105,33,8,5,3183,0,110104,,,,,
2408,感謝と祝福を,8595,2393,3265,19,16,8,3183,0,127106,,41604,43603,100147,
2409,器用で不器用,2904,1030,807,30,8,5,4202,0,120401,,,,,
2410,親愛のまじない,7380,2308,2248,16,16,8,4202,0,125606,,44204,43504,100148,
2411,群雄の先刃,5998,2779,2069,17,16,8,1086,0,120406,,41205,40804,100150,
2412,往く道は蒼茫アルフレッド,5299,2824,2019,17,16,8,,0,120805,,42804,42103,100151,
2413,無慈悲なる刃,6169,3037,1774,17,16,8,1233,0,125606,,40904,43203,100152,
2414,曇りなき矜持,7031,1974,2709,13,16,8,2191,0,140505,,50304,20103,100153,
2415,純真な暴虐,7592,2399,1862,16,16,8,4203,0,127006,,42605,42701,100154,
2416,礎の牙狼,5937,3098,2074,17,16,8,1229,0,127007,,44304,43204,100155,
2417,王族に眠りを,6742,2324,1835,16,16,8,4196,0,121209,,40404,40304,100156,
2418,春風忍者,2710,1210,906,31,8,5,1230,0,110202,,,,,
2419,咲き誇る忍,6047,2885,2231,17,16,8,1230,0,120808,,40806,44203,100157,
2420,笑顔満開,2950,845,1045,27,8,5,2185,0,120601,,,,,
2421,絶叫桜吹雪,5501,1812,1571,17,14,7,2185,0,120604,,41703,,100159,
2422,繁盛の季節,3402,1000,1095,33,8,5,3178,0,120202,,,,,
2423,商運開花の予感,8655,2339,3347,19,16,8,3178,0,121007,,43405,41304,100158,
2424,輝く一番星,2960,765,1200,27,8,5,2188,0,120601,,,,,
2425,煌めき爛漫,7334,2021,3007,13,16,8,2188,0,161101,,42606,42003,100160,
2426,蒼きプライド,3380,972,1165,33,8,5,3182,0,121001,,,,,
2427,少し背伸びを,6545,1938,2020,23,14,7,3182,0,121004,,40903,,100162,
2428,紫陽花のお嬢様,2960,1032,810,30,8,5,4198,0,110105,,,,,
2429,花間の淑女,7805,2378,2120,16,16,8,4198,0,126703,,42805,43603,100161,
2430,流砂の剣舞姫,7426,2029,2795,13,16,8,2189,0,127104,,43505,43203,100163,
2431,勇みて闘うアルフレッド,5923,3083,2020,17,16,8,,0,127205,-5,43499,40804,100142,
2432,笑門来福の膳,8595,2244,3310,19,16,8,3184,0,121005,,43105,42103,100164,
2433,馬上の希望,6632,2930,2193,17,16,8,1231,0,160402,164103,41306,44104,100165,
2434,守るべき誇り,5048,2363,1856,21,14,7,1232,0,120804,,41204,,100166,
2435,恋する眼鏡,2740,1260,873,31,8,5,1234,0,110202,,,,,
2436,煩悩一刀両断,6200,2999,1798,17,16,8,1234,0,125505,,44204,43404,100167,
2437,教会騎士への道,2965,795,1255,27,8,5,2192,0,120601,,,,,
2438,理想への躍進,7446,1934,3007,13,16,8,2192,0,126204,,44304,40804,100168,
2439,万戦錬磨,3396,986,1120,33,8,5,3185,0,120601,,,,,
2440,最強のワタシ,6539,1914,2189,23,14,7,3185,0,121004,,40403,,100169,
2441,挨拶のお導き,7609,2157,2406,13,16,8,2193,0,127106,,43405,43604,100171,
2442,秒殺を継ぐ者,8655,2383,3285,19,16,8,3186,0,125505,,40806,41304,100172,
2443,純真なる視線,5679,2005,1423,20,14,7,4201,0,127902,,40104,,100170,
2444,歩みて導くマリエル,6287,2810,1990,17,16,8,,0,125805,-6,41697,42803,100143,
2445,魔力トレーニー,2940,1035,760,30,8,5,4204,0,121201,,,,,
2446,伸びしろ大魔法,6800,2466,1646,16,16,8,4204,0,123705,,41704,70403,100173,
2447,勇気の一振り,5119,2358,1563,23,13,7,1235,0,125603,,43503,,,
2448,覚悟の一振り,5836,2668,1843,21,14,8,1235,0,125604,,43504,,,
2449,覚悟の一振り,6362,2856,2176,19,15,8,1235,0,125604,,43504,43302,,
2450,未来への一振り,5984,2917,2022,17,16,8,1235,0,125606,,43505,43303,100174,
2451,６月の手毬花,2700,1180,900,31,8,5,1236,0,110307,,,,,
2452,秘すれば花嫁,6135,2807,1951,17,16,8,1236,0,150111,,42805,42701,100175,
2453,新郎北より来る,2930,820,1100,27,8,5,2194,0,120601,,,,,
2454,凜然たる花婿,7132,1975,2710,13,16,8,2194,0,125705,,41604,43504,100176,
2455,海宝の花嫁,3372,1005,1105,33,8,5,3187,0,120801,,,,,
2456,憧憬の花道,8734,2474,3020,19,16,8,3187,0,127307,,41305,50303,100177,
2457,優雅な休息,5652,1807,1443,17,14,7,2195,0,120606,,40204,,100178,
2458,戦慄の黒騎士,8674,2405,3268,19,16,8,3188,0,127307,,44304,43304,100179,
2459,開眼への一射,7416,2402,2248,16,16,8,4205,0,126703,,41306,42604,100180,
2460,天賦の才,5363,2269,1883,21,14,7,1237,0,120404,,40304,,100181,
2461,華麗なる破壊神デュケーヌ,6050,2900,2156,17,16,8,,0,120808,,42305,43203,100182,
2462,潜伏の鬼槍ルーカン,7137,2044,2642,13,16,8,,0,127702,,41205,44203,100183,
2463,凛然たる姫君,7419,2354,2050,16,16,8,4206,0,122602,,43505,43603,100184,
2464,声調一本気,2760,1230,860,31,8,5,1239,0,120202,,,,,
2465,不器用でも前進,6211,2955,1853,17,16,8,1239,0,126905,,41705,50103,100185,
2466,突撃！恋娘,3380,990,1150,33,8,5,3189,0,121001,,,,,
2467,打倒！片想い,8534,2260,3471,19,16,8,3189,0,161902,,42205,43604,100186,
2468,伝道の企画者,2950,1030,810,30,8,5,4207,0,140401,,,,,
2469,次世代へ託す者,5497,1868,1792,20,14,7,4207,0,150401,,70403,,100187,
2470,振り回されて夏,7137,1870,2923,13,16,8,2197,0,161003,,43406,43803,100188,
2471,約束のデート,5369,2014,1683,20,14,7,4209,0,128503,,41303,,100189,
2472,青い海の王子,2728,1233,875,31,8,5,1240,0,120401,,,,,
2473,碧海の宝石,6147,2922,1913,17,16,8,1240,0,125606,,40806,31004,100190,
2474,渚の凄腕勝負師,2955,805,1150,27,8,5,2198,0,120601,,,,,
2475,盛夏の余韻,7257,2062,2615,13,16,8,2198,0,127106,,43305,44003,100191,
2476,めぐり逢いの海カノン,3386,991,1127,33,8,5,,0,121001,,,,,
2477,繋がる記憶カノン,6572,1792,2326,23,14,7,,0,121003,,20103,,100193,
2478,水鉄砲用意あり,2932,1023,819,30,8,5,4210,0,121201,,,,,
2479,百発百中の夏,7137,2281,2175,16,16,8,4210,0,126005,,42606,42402,100192,
2480,新たなる一歩,7775,2102,2642,12,17,8,2199,0,125606,,40905,43604,100194,2000201
2481,惹顔の楽士,8200,2298,2071,15,17,8,4208,0,126005,,41705,42702,100195,2000101
2482,椿の姫君,6681,2697,2103,16,17,8,1241,0,127205,,50105,43504,100196,2000201
2483,楽園の仕掛け人,6985,2581,2126,15,17,8,4211,0,161503,,41605,41304,100197,2000101
2484,悠久の将帥,9415,2460,3493,18,17,8,3159,0,127307,,50205,40403,100198,2000101
2486,瞳には花鳥風月,6970,2621,2181,16,17,8,1242,0,125608,,42806,43104,100201,2000201
2487,思いがけぬ晩夏,3060,922,932,27,8,5,2200,0,120601,,,,,
2488,祭の夜の好機,7969,2141,2266,12,17,8,2200,0,125705,,44005,43903,100199,2000101
2489,蒼の納涼娘,2930,995,866,30,8,5,4212,0,150101,,,,,
2490,美味しい会話,7835,2226,2354,15,17,8,4212,0,150203,,43205,44203,100200,2000201
2491,示す騎士の背,6566,1816,2317,23,14,7,3192,0,140203,,42304,,100202,
2492,剣風の顕現,6971,2630,2166,16,17,8,1039,0,125805,,43805,70502,100203,2000201
2493,それは救いの手,9255,2386,3486,18,17,8,3004,0,125908,,44504,44703,100204,2000201
2494,在りし日の追想,8078,2254,2114,15,17,8,4213,0,121209,,42305,42003,100205,2000201
2495,素顔の蒼槍,6578,1816,2162,17,14,8,2201,0,125704,,40804,,,
2496,馳せる想い,7046,2011,2539,15,15,8,2201,0,125704,,40804,40402,,
2497,英雄の郷愁,7113,2041,2846,13,16,8,2201,0,125705,,40805,40403,100206,
2498,時を越える流星,8054,2108,2378,12,17,8,2201,0,125707,,40806,40403,100207,2000101
2499,異世界配信者,7386,2266,2554,15,17,8,4214,0,121216,,41306,43001,100208,2000101
2500,弱虫勝負師,5624,1765,1507,17,14,7,2202,0,120606,,44003,,100209,
2501,不壊の護剣,6973,2530,2232,16,17,8,1243,0,125805,,44705,50402,100210,2000201
2502,仁愛の勇士,8108,2102,2305,12,17,8,2107,0,127604,,42205,44303,100211,2000201
2503,天真爛舞,7591,2290,2268,15,17,8,4030,0,126703,,50504,44801,100212,2000101
2504,花も実もありアンズ,6624,2776,2235,16,17,8,,0,127205,,40905,42104,100213,2000101
2505,闘気溌剌,9301,2355,3160,18,17,8,3005,0,127307,,44405,51803,100214,2000201
2506,赫々たる聖弓,8397,2263,2105,15,17,8,4215,0,127405,,42105,41603,100215,2000201
2507,魔人現る,7845,2150,2272,12,17,8,2203,0,161003,,40806,43304,100216,2000201
2508,じゃじゃ馬悪魔,9093,2475,3510,18,17,8,3193,0,127307,,44705,31004,100217,2000101
2509,月夜の一閃,6855,2648,2188,16,17,8,1244,0,125606,,42606,44303,100218,2000201
2510,屍の巫女,7630,2258,2460,15,17,8,4216,0,126005,,42205,43604,100219,2000101
2511,宙空に想う,7070,2352,2383,15,17,8,4028,0,126703,,43406,44203,100220,2000101
2512,午後の小休止,5346,2250,1915,21,14,7,1245,0,120404,,40403,,100221,
2513,進む道は真直ユージーン,7707,2026,2550,12,17,8,,0,125707,,41305,43204,100222,2000201
2514,赤の戦士,9648,2600,3120,18,17,8,3194,0,125505,,42305,60203,100223,2000101
2515,躍然たる伊達男,8740,2720,3300,18,17,8,3035,0,125908,,43805,43104,100224,2000201
2516,義理堅き剛弓,7777,2283,2268,15,17,8,4089,0,127405,,40905,70502,100225,2000201
2517,貫く信念,7840,2165,2280,12,17,8,2060,0,161003,,42806,44104,100226,2000101
2518,快活なるドクター,7000,2580,2232,16,17,8,1246,0,127205,,42105,43903,100227,2000201
2519,千夜を越えてもリウィア,7570,2450,2130,15,17,8,,0,127405,,44705,42702,-2519,2000201
2520,愛は世界を救う,5180,2280,1750,21,14,7,1247,0,127204,,41204,,100229,
2521,銀色の奇跡,8020,2115,2405,12,17,8,2204,0,125705,,51705,43604,100230,2000201
2522,金色の火花,9025,2460,3500,18,17,8,3195,0,125908,,40806,44303,100231,2000101
2523,橄欖の戦騎,7800,2160,2275,12,17,8,2205,0,126204,,50205,42104,100232,2000201
2524,煌々たる祝福,6681,2700,2120,16,17,8,1248,0,120808,,43406,43001,100233,2010101
2525,聖歌と共に,8000,2293,2172,15,17,8,4217,0,121216,,43605,43304,100234,2000101
2526,博愛の紳士アルノー,5642,1830,1400,17,14,7,,0,120606,,41303,,-2526,
2527,天晴酔舞,7765,2125,2340,12,17,8,2207,0,127604,,41306,44203,100236,2000101
2528,新春昇陽,9093,2490,3730,18,17,8,3196,0,161902,,50504,44104,100237,2000101
5501,ゴブリン(斬),1,1,1,1,99,1,,2,,,,,,
5502,獣人系(斬),1,1,1,1,99,1,,2,,,,,,
5503,インプ(斬),1,1,1,1,99,1,,2,,,,,,
5504,スライム(斬),1,1,1,1,99,1,,2,,,,,,
5505,スケル(斬),1,1,1,1,99,1,,2,,,,,,
5506,木人系(斬),1,1,1,1,99,1,,2,,,,,,
5507,精霊系(斬),1,1,1,1,99,1,,2,,,,,,
5508,ゴーレム(斬),1,1,1,1,99,1,,2,,,,,,
5509,魚人系(斬),1,1,1,1,99,1,,2,,,,,,
5510,イカ(斬),1,1,1,1,99,1,,2,,,,,,
5511,ヒトダマ（斬）,1,1,1,1,99,1,,2,,,,,,
5601,ゴブリン(突),1,1,1,1,99,1,,2,,,,,,
5602,獣人系(突),1,1,1,1,99,1,,2,,,,,,
5603,インプ(突),1,1,1,1,99,1,,2,,,,,,
5604,スライム(突),1,1,1,1,99,1,,2,,,,,,
5605,スケル(突),1,1,1,1,99,1,,2,,,,,,
5606,木人系(突),1,1,1,1,99,1,,2,,,,,,
5607,精霊系(突),1,1,1,1,99,1,,2,,,,,,
5608,ゴーレム(突),1,1,1,1,99,1,,2,,,,,,
5609,魚人系(突),1,1,1,1,99,1,,2,,,,,,
5610,イカ(突),1,1,1,1,99,1,,2,,,,,,
5611,ヒトダマ（突）,1,1,1,1,99,1,,2,,,,,,
5701,ゴブリン(打),1,1,1,1,99,1,,2,,,,,,
5702,獣人系(打),1,1,1,1,99,1,,2,,,,,,
5703,インプ(打),1,1,1,1,99,1,,2,,,,,,
5704,スライム(打),1,1,1,1,99,1,,2,,,,,,
5705,スケル(打),1,1,1,1,99,1,,2,,,,,,
5706,木人系(打),1,1,1,1,99,1,,2,,,,,,
5707,精霊系(打),1,1,1,1,99,1,,2,,,,,,
5708,ゴーレム(打),1,1,1,1,99,1,,2,,,,,,
5709,魚人系(打),1,1,1,1,99,1,,2,,,,,,
5710,イカ(打),1,1,1,1,99,1,,2,,,,,,
5711,ヒトダマ（打）,1,1,1,1,99,1,,2,,,,,,
5801,ゴブリン(遠),1,1,1,1,99,1,,2,,,,,,
5802,獣人系(遠),1,1,1,1,99,1,,2,,,,,,
5803,インプ(遠),1,1,1,1,99,1,,2,,,,,,
5804,スライム(遠),1,1,1,1,99,1,,2,,,,,,
5805,スケル(遠),1,1,1,1,99,1,,2,,,,,,
5806,木人系(遠),1,1,1,1,99,1,,2,,,,,,
5807,精霊系(遠),1,1,1,1,99,1,,2,,,,,,
5808,ゴーレム(遠),1,1,1,1,99,1,,2,,,,,,
5809,魚人系(遠),1,1,1,1,99,1,,2,,,,,,
5810,イカ(遠),1,1,1,1,99,1,,2,,,,,,
5811,ヒトダマ（遠）,1,1,1,1,99,1,,2,,,,,,
6700,リンドヴルム,1,1,1,1,99,7,,2,,,,,,
6701,ガイアビット,1,1,1,1,99,7,,2,,,,,,
9001,王国騎士フェルナンド,3144,1132,1506,5,6,5,,2,120602,,,,,
9002,騎士長レオン,3144,1132,1506,5,6,5,,2,120602,,,,,
9003,神殿騎士アーデルハイド,3144,1132,1506,5,6,5,,2,120602,,,,,
9004,王国騎士モーリス,3144,1132,1506,5,6,5,,2,120602,,,,,
9005,教会騎士ディディエ,3412,1191,1050,26,8,5,,2,120602,,,,,
9006,教会騎士ゲオルグ,4304,1331,1537,29,8,5,,2,121202,,,,,
9007,人狼公ルギス,4753,2186,1634,23,13,7,,2,122802,,,,,
9008,仮マリエル,4880,2244,1592,23,13,7,,2,120803,,,,,
9009,自由奔放デフロット,5080,1512,1687,19,13,5,,2,122101,,,,,
9010,公国の姫騎士アーデルハイド,5107,1520,1678,19,13,5,,2,122102,,,,,
9011,赤き猛牛バルカス,5704,1571,2037,25,12,7,,2,120903,,,,,
9012,白き異邦人セウェルス,4681,1463,1672,29,11,6,,2,120403,,,,,
9013,不死者主人公,4575,2104,1693,23,13,7,,2,120803,,,,,
9014,緋色の弓神ロイ,5004,1746,1573,22,13,7,,2,120403,,,,,
9015,サラリーマンルギス,1633,751,504,20,5,1,,2,120403,,,,,
9016,輪廻の破壊者メビウス,5057,2325,1532,23,13,7,,2,125603,,,,,
9017,夏の若様スレヴィ,5951,1771,2159,17,14,8,,2,110121,,,,,
9018,光武二式大神一郎,4758,2189,1631,20,13,7,,2,127304,,,,,
9019,光武二式真宮寺さくら,5474,2517,1843,23,14,8,,2,120605,,,,,
9020,光武F2ｴﾘｶ･ﾌｫﾝﾃｨｰﾇ,5985,2089,1711,17,14,8,,2,150109,,,,,
9021,黒部長でぃでぃえ,5,5,5,29,5,1,,2,110301,,,,,
9022,？？？？？？,5530,2543,2004,19,15,8,,2,125804,,,,,
